City_ID,City,Country,Max Temp,Current Description,Lat,Lng,Hotel Name
5,Bredasdorp,ZA,65.52,light rain,-34.5322,20.0403,Bredasdorp Country Manor
6,Georgetown,MY,79.9,few clouds,5.4112,100.3354,Cititel Penang
8,Mabaruma,GY,84.45,overcast clouds,8.2,-59.7833,Monty Brooms Guest House
9,Victoria,HK,66.25,overcast clouds,22.2855,114.1577,Mini Hotel Central
10,Tuskegee,US,73.22,broken clouds,32.424,-85.6916,Macon Motel
11,Marawi,PH,65.64,overcast clouds,7.9986,124.2928,Derogongan Residence
12,Ponta Do Sol,PT,65.03,overcast clouds,32.6667,-17.1,Hotel do Campo
15,Anloga,GH,84.42,scattered clouds,5.7947,0.8973,Pin Drop Hotel
18,Marsh Harbour,BS,75.7,clear sky,26.5412,-77.0636,Abaco Beach Resort
19,Calama,CL,79.29,overcast clouds,-22.4667,-68.9333,Diego De Almagro Calama
20,Sumbe,AO,77.83,overcast clouds,-11.2061,13.8437,Hotel Ritz Sumbe
21,Mahebourg,MU,79.09,few clouds,-20.4081,57.7,Shandrani Beachcomber Resort & Spa
23,Cape Town,ZA,69.28,light rain,-33.9258,18.4232,Southern Sun Waterfront Cape Town
25,Castro,BR,80.69,few clouds,-24.7911,-50.0119,CHACARA BAILLY
26,Tibati,CM,85.84,overcast clouds,6.4667,12.6333,Tibati Hotel
27,Chake Chake,TZ,78.33,clear sky,-5.2459,39.7666,Hotel Archipelago
29,Kalmunai,LK,78.55,clear sky,7.4167,81.8167,VS Villa
30,Hermanus,ZA,65.8,overcast clouds,-34.4187,19.2345,Misty Waves Boutique Hotel
32,Estelle,US,77.04,broken clouds,29.8458,-90.1067,Boomtown Casino & Hotel New Orleans
34,Pascagoula,US,77.56,clear sky,30.3658,-88.5561,Regency Inn
43,Muscat,OM,73.42,clear sky,23.6139,58.5922,Mutrah Hotel
45,Yamandu,SL,79.45,light rain,7.9362,-11.4928,
47,Amapa,BR,79.86,overcast clouds,1.0,-52.0,
48,Mecca,SA,74.86,clear sky,21.4267,39.8261,"Makkah Clock Royal Tower, A Fairmont Hotel"
49,Caravelas,BR,79.03,light rain,-17.7125,-39.2481,Pousada dos Navegantes
50,Olinda,BR,85.73,broken clouds,-8.0089,-34.8553,Hotel Albergue de Olinda
52,Arraial Do Cabo,BR,80.56,broken clouds,-22.9661,-42.0278,Pousada Porto Praia
53,Nicoya,CR,87.35,clear sky,10.1483,-85.452,Las Cabinas Del Sue√±o
56,Salalah,OM,77.09,clear sky,17.0151,54.0924,"HAMDAN PLAZA HOTEL SALALAH, an HTG Hotel"
58,Hambantota,LK,75.54,thunderstorm,6.1241,81.1185,Bungalow 63
60,Port Alfred,ZA,67.96,light rain,-33.5906,26.891,The Halyards Hotel
62,Hithadhoo,MV,81.72,broken clouds,-0.6,73.0833,Scoop Guest House
64,Bay Saint Louis,US,78.33,scattered clouds,30.3088,-89.33,The Abode Guest House
65,Antofagasta,CL,72.21,clear sky,-23.65,-70.4,"Holiday Inn Express Antofagasta, an IHG Hotel"
66,Saint-Philippe,RE,78.39,few clouds,-21.3585,55.7679,"Chambres d'h√¥te ""La Trinit√©"""
68,Bilma,NE,69.13,clear sky,18.6853,12.9164,Expeditions T√©n√©re voyages
69,Chabahar,IR,75.78,clear sky,25.2919,60.643,Ÿáÿ™ŸÑ ⁄ØÿØÿ±Ÿàÿ¥€åÿß
70,Quatre Cocos,MU,78.91,scattered clouds,-20.2078,57.7625,Sunrise Attitude Hotel
71,Dingle,PH,71.4,broken clouds,10.9995,122.6711,SEGAYA PROPERTY
73,Kaputa,ZM,74.61,clear sky,-8.4689,29.6619,Chelelwa Charlets
76,Beloha,MG,76.42,clear sky,-25.1667,45.05,
77,Port Elizabeth,ZA,64.69,light rain,-33.918,25.5701,39 On Nile Guest House
78,San Cristobal,VE,78.98,overcast clouds,7.7669,-72.225,Posada Villaven C.A.
79,Bakel,SN,89.87,overcast clouds,14.905,-12.4568,Ablaye Diallo Bakel
80,Vila Velha,BR,78.75,few clouds,-20.3297,-40.2925,Quality Suites Vila Velha
83,Ambilobe,MG,78.94,clear sky,-13.2,49.05,H√¥tel & Restaurant DIANA Ambilobe
84,Conde,BR,83.66,moderate rain,-7.2597,-34.9075,Pousada Beija Flor
86,Garowe,SO,72.77,clear sky,8.4054,48.4845,Curubo Hotel
88,Pitimbu,BR,84.79,few clouds,-7.4706,-34.8086,Reserva do Abia√≠
89,Santo Antonio Do Monte,BR,75.56,scattered clouds,-20.0872,-45.2936,Hotel S√£o Bento
90,Caucaia,BR,87.75,few clouds,-3.7361,-38.6531,M.O.S. Log√≠stica - Filial Fortaleza
93,Ughelli,NG,81.72,overcast clouds,5.4899,6.0074,Prestige Hotel
94,Kyabe,TD,84.24,scattered clouds,9.4515,18.9449,
95,Arauca,CO,89.56,scattered clouds,7.0847,-70.7591,Hotel Verano Plaza
97,Tenenkou,ML,84.02,overcast clouds,14.4572,-4.9169,
100,Khudumelapye,BW,70.3,overcast clouds,-23.8833,24.75,
101,Pisco,PE,72.01,few clouds,-13.7,-76.2167,Hotel San Isidro Oficial
104,Rio Grande,BR,77.11,overcast clouds,-32.035,-52.0986,Hotel Atl√¢ntico Rio Grande
105,Kattivakkam,IN,80.69,scattered clouds,13.2167,80.3167,Euronova Freezer
106,Ponta Delgada,PT,67.5,broken clouds,37.7333,-25.6667,Vila Nova Hotel
108,Rawson,AR,82.45,clear sky,-43.3002,-65.1023,Hosteria Sampedro
112,Goure,NE,82.02,clear sky,13.9835,10.2704,
114,Santa Rosa,PH,76.98,broken clouds,14.3122,121.1114,Erlyn‚Äôs Sta Rosa City Home
117,Souillac,MU,79.18,few clouds,-20.5167,57.5167,Shanti Maurice Resort & Spa
122,Vila Franca Do Campo,PT,67.19,overcast clouds,37.7167,-25.4333,Pestana Bahia Praia
128,Makokou,GA,71.96,light rain,0.5738,12.8642,Motel des voyageurs
131,Bonfim,BR,91.11,overcast clouds,3.0833,-59.95,
132,Bandarbeyla,SO,77.56,clear sky,9.4942,50.8122,JABIR HOTEL
133,Bosaso,SO,75.56,clear sky,11.2842,49.1816,Red Sea Hotel
134,Comodoro Rivadavia,AR,75.06,clear sky,-45.8667,-67.5,Austral Hotel
135,Chancay,PE,70.56,overcast clouds,-11.5714,-77.2672,Hotel Madre Perla
137,Cururupu,BR,84.16,scattered clouds,-1.8283,-44.8683,POUSADA TRAV√âS'CIA
138,Puerto Cabezas,NI,85.96,broken clouds,14.0351,-83.3888,Caba√±a Caribe
140,Cidreira,BR,72.32,overcast clouds,-30.1811,-50.2056,Hotel Castelo
141,Saurimo,AO,67.06,light rain,-9.6608,20.3916,Hotel Kawissa Saurimo
143,Vila Do Maio,CV,75.99,overcast clouds,15.1333,-23.2167,Hotel Marilu
145,Kasongo-Lunda,CD,72.01,overcast clouds,-6.4667,16.8167,
146,Muisne,EC,77.0,overcast clouds,0.6,-80.0333,Quinta Samay
147,East London,ZA,67.14,light rain,-33.0153,27.9116,Tu Casa
149,Esmeraldas,BR,84.31,scattered clouds,-19.7625,-44.3139,Bom Ser√° - Marcinho e Fernanda
153,Sao Joao Da Barra,BR,80.69,scattered clouds,-21.6403,-41.0511,Pousada Porto De Canoas
157,Hualmay,PE,71.55,overcast clouds,-11.0964,-77.6139,Hotel Villa Kitzia Huacho
158,Sinnamary,GF,78.71,overcast clouds,5.3833,-52.95,ALETHEIA Appartement Sinnamary
159,Bahir Dar,ET,64.24,clear sky,11.5936,37.3908,"Delano Hotel, Bahir Dar"
165,Cayenne,GF,78.84,light rain,4.9333,-52.3333,H√¥tel Le Dronmi
168,Sur,OM,73.72,clear sky,22.5667,59.5289,Sur Plaza Hotel
170,Bambous Virieux,MU,79.21,few clouds,-20.3428,57.7575,Casa Tia Villa
171,Cape Canaveral,US,79.09,clear sky,28.4058,-80.6048,Residence Inn by Marriott Cape Canaveral Cocoa Beach
172,Santa Maria,BR,87.1,clear sky,-29.6842,-53.8069,Hotel Morotin
173,Harper,LR,80.24,clear sky,4.375,-7.7169,Screensaver
176,Remedios,CU,79.72,clear sky,22.4947,-79.5458,Hostal Yunai
182,Sao Filipe,CV,76.33,overcast clouds,14.8961,-24.4956,Hotel Xaguate
183,Ugoofaaru,MV,82.53,clear sky,5.6667,73.0,Ungoofaaru Inn
186,Huarmey,PE,71.62,overcast clouds,-10.0681,-78.1522,Hotel Miramar
187,Mocuba,MZ,80.85,clear sky,-16.8392,36.9856,Phama Lodge
188,Chuy,UY,70.97,overcast clouds,-33.6971,-53.4616,Nuevo Hotel Plaza
190,Guane,CU,82.67,clear sky,22.2025,-84.0875,base de Campismo LosPortales de Guane
191,Coquimbo,CL,65.93,clear sky,-29.9533,-71.3436,Punto de encuentro
194,Nouadhibou,MR,67.98,clear sky,20.931,-17.0347,El Medina
195,Jhinjhak,IN,66.79,clear sky,26.5667,79.7333,Ram Palace
196,Viedma,AR,76.59,broken clouds,-40.8135,-62.9967,Hotel Cristal
197,Ondjiva,AO,77.65,overcast clouds,-17.0667,15.7333,COMBUESA
199,Port-Gentil,GA,82.36,broken clouds,-0.7193,8.7815,Fengshui Residence
200,Kumo,NG,82.45,clear sky,10.0447,11.2122,Ajegunle Lodge(corpers Lodge)
201,Dahanu,IN,75.15,clear sky,19.9667,72.7333,Pearline Beach Villas
202,Saldanha,ZA,66.25,moderate rain,-33.0117,17.9442,Blue Bay Lodge
204,Ormara,PK,75.42,clear sky,25.2088,64.6357,Crystal Beach and Camping Resort Ormara
205,Namibe,AO,71.53,clear sky,-15.1961,12.1522,Hotel Chik Chik Namibe
206,Chandur Bazar,IN,67.55,clear sky,21.2417,77.7456,Shri Tirupati Agro Agency
208,Gouyave,GD,83.17,scattered clouds,12.1646,-61.7296,Rumboat Retreat
209,Dwarka,IN,75.99,clear sky,22.2394,68.9678,Hotel Narayan Avezika Comfort
211,Cap Malheureux,MU,79.29,few clouds,-19.9842,57.6142,Pereybere Hotel & Spa
213,Urubicha,BO,85.75,light rain,-15.3833,-62.95,
215,Bhadasar,IN,65.57,clear sky,28.2833,74.3167,OMPRAKASH JAKHAR
218,Crateus,BR,86.38,overcast clouds,-5.1783,-40.6775,Orient Plaza Hotel
219,Minab,IR,71.1,clear sky,27.1467,57.0801,Bam campground
220,Touros,BR,88.7,overcast clouds,-5.1989,-35.4608,INN NEW HORIZON
221,Coihaique,CL,73.35,clear sky,-45.5752,-72.0662,Diego De Almagro Coyhaique
222,Aquiraz,BR,87.89,few clouds,-3.9014,-38.3911,Pousada Rua Camurupim
223,Saint-Pierre,RE,78.48,few clouds,-21.3393,55.4781,Lindsey H√¥tel
224,Itarema,BR,84.85,overcast clouds,-2.9248,-39.9167,"Sea Lounge! Bar, Club & Restaurant"
225,Umuarama,BR,88.81,clear sky,-23.7664,-53.325,HOTEL CAIU√Å
229,Bubaque,GW,81.5,few clouds,11.2833,-15.8333,"Casa Dora, Bubaque"
230,Irmo,US,71.06,broken clouds,34.086,-81.1832,Hilton Garden Inn Columbia/Harbison
231,Ampanihy,MG,77.76,clear sky,-24.7,44.75,Angora Hotel
232,Hobyo,SO,79.32,scattered clouds,5.3505,48.5268,Halane Hotel and Restaurent
233,Oistins,BB,84.29,scattered clouds,13.0667,-59.5333,Butterfly Beach Hotel
234,Luanda,AO,78.31,broken clouds,-8.8368,13.2343,Hotel F√≥rum
237,Richards Bay,ZA,73.09,moderate rain,-28.783,32.0377,BON Hotel Waterfront Richards Bay
241,Rocha,UY,71.85,overcast clouds,-34.4833,-54.3333,Hotel Arrarte
243,Ancud,CL,65.73,clear sky,-41.8697,-73.8203,Hotel Arena Gruesa
244,Rio Gallegos,AR,71.65,broken clouds,-51.6226,-69.2181,Hotel Santa Cruz
245,Taoudenni,ML,64.63,clear sky,22.6783,-3.9836,
246,Adrar,MR,70.66,scattered clouds,20.5022,-10.0711,
252,Dhidhdhoo,MV,82.04,few clouds,6.8833,73.1,Dhidhoo beach
253,Dzilam Gonzalez,MX,83.77,clear sky,21.2833,-88.9333,posadas
254,Fomboni,KM,82.42,scattered clouds,-12.28,43.7425,Auberge les abou
255,Mana,GF,80.53,overcast clouds,5.6592,-53.7767,LE SAMANA
256,Impfondo,CG,73.0,overcast clouds,1.6381,18.0667,Auberge La Place de Jules
257,Umm Kaddadah,SD,78.19,clear sky,13.6017,26.6876,
261,Xuddur,SO,78.85,clear sky,4.1213,43.8894,Banjanay Hotel
262,San Rafael,AR,67.23,broken clouds,-34.6177,-68.3301,Hotel San Rafael
263,Rio Brilhante,BR,94.84,overcast clouds,-21.8019,-54.5464,Hotel Cattani
268,Arlit,NE,75.45,few clouds,18.7369,7.3853,Case de Passage De la Prefecture
271,Guarapari,BR,78.69,scattered clouds,-20.6667,-40.4975,Hotel Porto do Sol
272,Chipinge,ZW,69.06,clear sky,-20.1883,32.6236,Chipinge Breeze Lodge
273,Pangoa,PE,85.23,light rain,-12.1167,-73.0,
274,Yangambi,CD,72.72,light rain,0.8102,24.4336,
275,Grand Gaube,MU,79.38,light rain,-20.0064,57.6608,Veranda Paul et Virginie Hotel & Spa
276,Buenos Aires,AR,78.93,scattered clouds,-34.6132,-58.3772,Hotel NH Buenos Aires City
277,Les Cayes,HT,85.03,scattered clouds,18.2,-73.75,Villa Orphee
278,Adeje,ES,66.56,few clouds,28.1227,-16.726,Gran Tacande Wellness & Relax
279,Bonthe,SL,81.27,overcast clouds,7.5264,-12.505,Bonthe Holiday Village
280,Antalaha,MG,76.17,light rain,-14.9003,50.2788,Hotel Vitasoa
281,Barentu,ER,76.78,clear sky,15.1139,37.5928,
282,Takoradi,GH,81.32,few clouds,4.8845,-1.7554,Raybow International Hotel
283,Okitipupa,NG,79.18,broken clouds,6.5047,4.7839,Coastal Hotel & Suites
284,Barranca,PE,70.2,overcast clouds,-10.75,-77.7667,El Olivar Hospedaje
285,Los Llanos De Aridane,ES,64.15,scattered clouds,28.6585,-17.9182,Valle Aridane
288,Melchor De Mencos,GT,75.2,broken clouds,17.0686,-89.1522,Xultun Farm
289,Abeche,TD,80.65,clear sky,13.8292,20.8324,Assaleh Hamdan Haroune
291,Awassa,ET,65.77,broken clouds,7.05,38.4667,·çì·à´·ã≥·ã≠·àµ ·àÜ·â¥·àç ·àÄ·ãã·à≥ / Paradise Hotel Hawassa
293,Oussouye,SN,89.78,overcast clouds,12.485,-16.5469,Auberge du Routard
294,Kavaratti,IN,81.28,broken clouds,10.5669,72.642,Hotels in Lakshadweep Islands
296,Ambovombe,MG,74.84,clear sky,-25.1667,46.0833,RELAHARA
297,Blantyre,MW,80.55,overcast clouds,-15.785,35.0085,Home Up Guest House
302,Belmonte,BR,82.4,few clouds,-15.8631,-38.8828,Pousada Monte Carmelo O P√£o
305,Pimentel,PE,73.69,few clouds,-6.8367,-79.9342,Casona Del Muelle
308,Pital,CO,80.15,overcast clouds,2.2665,-75.8044,Finca el Reba√±o Vida el Uvital
309,Mokobeng,BW,80.94,overcast clouds,-22.9965,27.6678,Omphile B. Molefhe
310,Kindu,CD,71.73,light rain,-2.95,25.95,R√©sidence Okanda
311,Mahibadhoo,MV,82.11,scattered clouds,3.7833,72.9667,Omadhoo Inn
312,Rio Branco,BR,88.41,light rain,-9.9747,-67.81,In√°cio Palace Hotel
316,Kabalo,CD,74.26,clear sky,-6.05,26.9167,
317,Monrovia,LR,83.97,broken clouds,6.3005,-10.7969,Sunset Inn
318,Saint-Georges,GD,83.88,scattered clouds,12.0564,-61.7485,Radisson Grenada Beach Resort
319,Meulaboh,ID,76.28,broken clouds,4.1363,96.1285,Kost Pria
320,Kalabo,ZM,79.66,overcast clouds,-14.97,22.6814,Sikakubete Guest House Kalabo Town Council
324,Manavalakurichi,IN,78.89,few clouds,8.1333,77.3,Muttom beach west
329,Tupiza,BO,69.03,overcast clouds,-21.45,-65.7167,La Torre Hotel
332,Conceicao Do Araguaia,BR,80.78,light rain,-8.2578,-49.2647,Tarum√£ Tropical Hotel
334,Taltal,CL,68.99,few clouds,-25.4,-70.4833,Residencial Karime
335,Baghmara,IN,64.67,overcast clouds,23.795,86.2085,Shankar tea shop
336,Lodwar,KE,84.58,clear sky,3.1191,35.5973,Solmar Gracious Hotel
337,Sawakin,SD,81.46,clear sky,19.1059,37.3321,ŸÅŸÜÿØŸÇ ÿßŸÑÿØŸàŸäŸÖ
338,Longavi,CL,93.06,clear sky,-35.9667,-71.6833,
339,Dourbali,TD,81.9,broken clouds,11.8091,15.8632,
340,Tonj,SS,83.8,clear sky,7.2737,28.6822,Lakan Hotel
343,Buchanan,LR,84.16,broken clouds,5.8808,-10.0467,Kamaneahn Hotel Inc
344,Puri,IN,68.52,heavy intensity rain,19.8,85.85,OYO 1577 Hotel Shree Hari Grand
348,Galle,LK,79.5,overcast clouds,6.0367,80.217,Amangalla
349,Inhambane,MZ,80.58,scattered clouds,-23.865,35.3833,Oceano
350,Eyl,SO,77.77,broken clouds,7.9803,49.8164,Amiin Hotel
351,Danville,US,73.09,clear sky,36.586,-79.395,"Holiday Inn Express Danville, an IHG Hotel"
353,Kralendijk,BQ,85.98,scattered clouds,12.15,-68.2667,Divi Flamingo Beach Resort & Casino
354,Aketi,CD,70.11,few clouds,2.7388,23.7833,
355,Navadwip,IN,64.44,overcast clouds,23.4167,88.3667,Conch Building
359,Mahajanga,MG,82.42,few clouds,-15.7167,46.3167,Restaurant Greedy Coco Lodge Majunga
364,Saint George,US,68.47,clear sky,37.1041,-113.5841,Best Western Plus Abbey Inn
366,Bengkulu,ID,75.74,moderate rain,-3.8004,102.2655,Grage Hotel Bengkulu
367,Havelock,US,75.2,broken clouds,34.8791,-76.9013,Sherwood Motel
369,Formiga,BR,76.5,broken clouds,-20.4644,-45.4264,Victor Plaza Hotel
372,Dabakala,CI,85.91,clear sky,8.3667,-4.4333,H√¥tel Campement
373,Xai-Xai,MZ,82.06,clear sky,-25.0519,33.6442,Complexo da Familia
374,Dakoro,NE,76.42,broken clouds,14.5106,6.765,Shagon mai liverpool
375,Kaduqli,SD,81.1,clear sky,11.0167,29.7167,ŸÅŸÜÿØŸÇ ÿßŸÑŸÑŸá ÿ¨ÿßÿ®Ÿà
376,Asosa,ET,68.34,clear sky,10.0667,34.5333,Blendana Hotel Assosa
379,Mineiros,BR,82.13,overcast clouds,-17.5694,-52.5511,Pil√µes Palace Hotel
382,Layou,VC,85.48,scattered clouds,13.2,-61.2667,Grace And Truth Campsite
383,Saint-Louis,SN,94.64,overcast clouds,16.3333,-15.0,
385,Goundam,ML,82.11,overcast clouds,16.4145,-3.6708,
386,Bongandanga,CD,71.96,light rain,1.5,21.05,
388,Birao,CF,79.52,clear sky,10.2849,22.7882,
393,Wattegama,LK,74.32,clear sky,6.7989,81.4808,
394,Carutapera,BR,83.82,overcast clouds,-1.195,-46.02,Lidera
395,Imbituba,BR,75.09,overcast clouds,-28.24,-48.6703,Praia Hotel Imbituba
398,Urumita,CO,90.01,overcast clouds,10.5589,-73.0123,LAS DELICIAS
399,Chimbote,PE,70.79,overcast clouds,-9.0853,-78.5783,Hotel Viera Chimbote
402,Caraballeda,VE,90.37,overcast clouds,10.6112,-66.8522,Hotel 15 Letras
404,Alappuzha,IN,78.84,overcast clouds,9.49,76.3264,Panoramic Sea Resort
407,Ati,TD,83.26,clear sky,13.2154,18.3353,
408,Saint-Joseph,RE,77.38,few clouds,-21.3667,55.6167,"""Plantation Bed and Breakfast"
409,Laguna,US,69.96,mist,38.421,-121.4238,"Holiday Inn Express & Suites Elk Grove Central - Hwy 99, an IHG Hotel"
410,Agboville,CI,79.21,overcast clouds,5.928,-4.2132,hotel LE PRESTIGE
411,Coruripe,BR,81.79,scattered clouds,-10.1256,-36.1756,Pousada e Hotel Litoral Sul
412,San Carlos De Bariloche,AR,74.95,few clouds,-41.1456,-71.3082,Hotel Patagonia
413,Nsukka,NG,80.37,scattered clouds,6.8561,7.3927,Golden Eve Hotel
418,Maroua,CM,83.5,broken clouds,10.591,14.3159,Maroua Palace
419,Inirida,CO,79.99,overcast clouds,3.8653,-67.9239,Fuente del Guania Hotel de Lujo
420,Trelew,AR,87.51,clear sky,-43.249,-65.3051,Hotel Touring Club
421,Kutum,SD,72.16,clear sky,14.2,24.6667,Dibbo areaŸÖŸÜÿ∑ŸÇÿ© ÿØÿ®Ÿà
422,Rio Cuarto,AR,75.67,overcast clouds,-33.1307,-64.3499,Grand Hotel R√≠o Cuarto
424,Palotina,BR,94.24,scattered clouds,-24.2839,-53.84,Hotel Granfino
427,Mora,CM,78.35,overcast clouds,11.0461,14.1401,Hotel Emergence
429,Morondava,MG,80.29,clear sky,-20.2833,44.2833,La Case Bambou
430,Chinsali,ZM,74.95,scattered clouds,-10.5414,32.0816,Chisakatu Guest House
432,Bria,CF,79.12,few clouds,6.5423,21.9863,WFP Guesthouse
433,Cockburn Town,TC,79.65,few clouds,21.4612,-71.1419,Osprey Beach Hotel
436,La Asuncion,VE,73.13,scattered clouds,11.0333,-63.8628,Colinas de Matasiete
437,Gamba,GA,77.99,overcast clouds,-2.65,10.0,
441,Mayumba,GA,78.26,overcast clouds,-3.432,10.6554,LIKWALE LODGE
442,San Onofre,CO,84.99,overcast clouds,9.7359,-75.5263,Hotel Sinai
443,Mount Darwin,ZW,79.99,clear sky,-16.7725,31.5838,
445,Andros Town,BS,78.76,broken clouds,24.7,-77.7667,Hanks place
447,Tutoia,BR,89.58,overcast clouds,-2.7619,-42.2744,Pousada Guar√°'s
449,Yarada,IN,79.12,broken clouds,17.65,83.2667,Vishranti
451,Acarau,BR,85.41,overcast clouds,-2.8856,-40.12,castelo pizzaria
453,Carnarvon,AU,71.67,clear sky,-24.8667,113.6333,Hospitality Carnarvon
455,Diapaga,BF,82.53,overcast clouds,12.0708,1.7889,
456,Kidal,ML,79.66,broken clouds,18.4411,1.4078,
465,Acari,PE,81.34,scattered clouds,-15.4311,-74.6158,HOSPEDAJE XIMENA
466,Humaita,BR,82.51,broken clouds,-7.5061,-63.0208,Corr√™a Hotel
467,Ibipeba,BR,68.49,overcast clouds,-11.6408,-42.0111,Quitanda santos
469,Mandera,KE,85.91,few clouds,3.9366,41.867,Mwalimu Guest mandera
472,Kipushi,CD,70.66,scattered clouds,-11.7667,27.2333,Villa Madimba
473,Padang,ID,77.05,moderate rain,-0.9492,100.3543,Mercure Padang
475,Praia,CV,75.74,few clouds,14.9215,-23.5087,LT Aparthotel
479,Kidodi,TZ,73.62,light rain,-7.6036,37.0044,Royal Family Lodge
485,Cradock,ZA,64.96,light rain,-32.1642,25.6192,Die Hoekhuis
489,Piney Green,US,76.01,clear sky,34.716,-77.3202,Holiday City Mobile Home Community
491,Port Said,EG,66.18,scattered clouds,31.2565,32.2841,Aracan Hotel
492,Camana,PE,71.76,overcast clouds,-16.6228,-72.7111,Hostal Morales
494,General Roca,AR,81.63,few clouds,-39.0333,-67.5833,Hotel y Casino del R√≠o General Roca
495,Bartica,GY,89.92,overcast clouds,6.4,-58.6167,Sloth Island Nature Resort
498,Gat,IL,69.4,overcast clouds,31.61,34.7642,OlusHome
499,Karaton,ID,73.56,overcast clouds,-6.3424,106.1045,Parkir Mobil Wisata CAS Water Park
500,Umm Lajj,SA,77.31,clear sky,25.0213,37.2685,Moon light Furnished Units
502,Sonegaon,IN,68.65,clear sky,20.65,78.6833,Gaytari Got Form
503,Laranja Da Terra,BR,79.05,scattered clouds,-19.8989,-41.0567,Hotel Aconchego
505,Nieuw Amsterdam,SR,87.82,scattered clouds,5.8833,-55.0833,Hotel Stardust
506,Keti Bandar,PK,73.06,clear sky,24.1447,67.4497,Haji laloo memon house
509,Destin,US,76.48,clear sky,30.3935,-86.4958,"Inn On Destin Harbor, Ascend Hotel Collection"
511,Alta Floresta,BR,85.82,moderate rain,-9.8756,-56.0861,Floresta Amazonica Hotel
512,Salta,AR,75.79,overcast clouds,-24.7859,-65.4117,Hotel Alejandro I
513,Cabedelo,BR,84.87,few clouds,-6.9811,-34.8339,Hotel Pigalle
515,Balaka,MW,81.27,broken clouds,-14.9793,34.9558,Sun Village Lodge
517,Rosita,NI,81.41,scattered clouds,13.9268,-84.4032,Hospedaje Zeled√≥n
518,Asyut,EG,64.58,scattered clouds,27.181,31.1837,Florence Hotel Assiut
519,Cienfuegos,CU,84.34,scattered clouds,22.1461,-80.4356,Casa Claumar B2BPay
523,Ellisras,ZA,76.62,overcast clouds,-23.6649,27.7443,Lapa le le guesthouse
525,Atar,MR,84.25,clear sky,20.5169,-13.0499,Oumou Elghoura
526,Niteroi,BR,78.69,broken clouds,-22.8833,-43.1036,Guesthouse
528,Bongor,TD,84.36,overcast clouds,10.2806,15.3722,Oryx Palace
529,Progreso,MX,85.1,scattered clouds,21.2833,-89.6667,Playa Linda Hotel
530,Kismayo,SO,80.1,few clouds,-0.3582,42.5454,Agan-Hotel
531,Aneho,TG,84.4,overcast clouds,6.2333,1.6,Hotel La Linette
532,Liberia,LR,77.99,overcast clouds,6.5,-9.5,
533,Mutum,BR,79.88,broken clouds,-19.8,-41.4383,Hotel do Djalma
534,Chokwe,MZ,83.14,clear sky,-24.5333,32.9833,Complexo Sonho Real
536,Oliveira Dos Brejinhos,BR,74.28,overcast clouds,-12.3169,-42.8961,Hotel Paraiso
537,Timbiqui,CO,77.63,light rain,2.7717,-77.6654,hotel diana
540,Trincomalee,LK,78.58,clear sky,8.5711,81.2335,Welcombe Hotel
546,Nioro,GM,88.29,overcast clouds,13.35,-15.75,
547,Dangriga,BZ,84.16,clear sky,16.9692,-88.2321,Chaleanor Hotel
548,Durban,ZA,71.92,moderate rain,-29.8579,31.0292,Hilton Durban
549,Tessalit,ML,71.91,few clouds,20.1986,1.0114,
552,San Ignacio,BZ,75.34,broken clouds,17.1561,-89.0714,Rainforest Haven Inn
553,Sao Miguel Do Araguaia,BR,83.25,overcast clouds,-13.275,-50.1628,Hotel Executivo Palace
561,Aripuana,BR,81.32,overcast clouds,-9.1667,-60.6333,
564,Kariba,ZW,83.82,clear sky,-16.5167,28.8,Caribbea Bay Hotel
569,Tabou,CI,80.53,clear sky,4.423,-7.3528,hot√™l doufoulougou
570,Puerto Baquerizo Moreno,EC,74.39,broken clouds,-0.9,-89.6,Hotel los Algarrobos
574,Biloxi,US,78.73,clear sky,30.396,-88.8853,IP Casino Resort Spa
576,Coxim,BR,88.34,overcast clouds,-18.5067,-54.76,Hotel Avenida
577,Kibala,TD,82.35,clear sky,9.1104,18.3463,hotel safari
579,San Pedro,PH,76.23,few clouds,14.35,121.0167,Villa Veronica Resort Private Pool
580,Hukuntsi,BW,71.62,overcast clouds,-24.0,21.75,Entabeni Hotel
581,Moussoro,TD,81.88,clear sky,13.6408,16.4901,H√¥tel Salama
583,San Juan,AR,68.31,overcast clouds,-31.5375,-68.5364,Hotel Provincial
584,Crossville,US,65.25,overcast clouds,35.949,-85.0269,Hampton Inn Crossville
585,Bathsheba,BB,84.81,scattered clouds,13.2167,-59.5167,Atlantis Hotel
588,Flic En Flac,MU,79.52,clear sky,-20.2742,57.3631,Hilton Mauritius Resort & Spa
589,Port Blair,IN,79.27,scattered clouds,11.6667,92.75,"Welcomhotel By ITC Hotels, Bay Island, Port Blair"
591,Maridi,SS,76.46,broken clouds,4.9158,29.4742,
592,Atmakur,IN,72.32,scattered clouds,15.8833,78.5833,Mee seva atk
593,Lethem,GY,91.8,broken clouds,3.3803,-59.7968,Savannah Inn
596,Trairi,BR,84.87,clear sky,-3.2778,-39.2689,janelas do mar
597,High Rock,BS,77.02,few clouds,26.6208,-78.2833,Hideaway Bahamas Beach Club
598,Natal,BR,88.45,broken clouds,-5.795,-35.2094,Villa Park Hotel | Natal
601,Catio,GW,80.62,broken clouds,11.2833,-15.25,Pausada Morabedja
602,Suarez,CO,75.7,overcast clouds,2.954,-76.6964,Hotel Estrella Dorada
604,La Romana,DO,85.73,scattered clouds,18.4273,-68.9728,Casa de Campo Resort and Villas
605,Trujillo,PE,67.96,scattered clouds,-8.116,-79.03,Casa Andina Standard Trujillo Plaza
606,Edgewater,US,77.29,few clouds,28.9889,-80.9023,Islander Beach Resort
607,Swellendam,ZA,64.78,moderate rain,-34.0226,20.4417,De Kloof Luxury Estate boutique Hotel & SPA
609,Constitucion,CL,69.17,clear sky,-35.3333,-72.4167,Hotel Boutique Las Azucenas
610,Araouane,ML,73.22,overcast clouds,18.9048,-3.5265,
613,Urucara,BR,88.97,broken clouds,-2.5364,-57.76,Pousada Maria Bonita
614,Saint-Paul,RE,78.91,scattered clouds,-21.0096,55.2707,Boucan Canot
615,Sikasso,ML,85.12,broken clouds,10.9167,-7.0,
616,Mitzic,GA,71.71,overcast clouds,0.7821,11.549,Motel Emys
617,Rabo De Peixe,PT,66.27,broken clouds,37.8,-25.5833,Quinta das Giestas
618,Hosdurga,IN,69.53,overcast clouds,13.7981,76.2861,Sudarshan Lodge
619,Mananjary,MG,75.88,clear sky,-21.2167,48.3333,Vahiny Lodge
620,Quebo,GW,81.01,broken clouds,11.3333,-14.9333,
621,Venice,US,80.17,haze,27.0998,-82.4543,A Beach Retreat On Casey Key
622,Pedernales,DO,85.6,few clouds,18.0384,-71.744,Hotel Costa Marina
624,Gwadar,PK,75.63,clear sky,25.1216,62.3254,Sadaf Resort
626,Manhumirim,BR,73.81,scattered clouds,-20.3578,-41.9581,Palace Hotel de Manhumirim
627,Nechi,CO,88.38,overcast clouds,8.0942,-74.7757,Ivan Villadiego guerra
630,Iracoubo,GF,78.06,overcast clouds,5.4802,-53.2011,Le G√Æte d‚ÄôIracoubo
631,Iquique,CL,69.84,scattered clouds,-20.2208,-70.1431,Backpacker`s Hostel Iquique
632,Lichinga,MZ,71.69,few clouds,-13.3128,35.2406,Residencial Bendiak
633,Ilebo,CD,71.73,overcast clouds,-4.3167,20.5833,H√¥tel BUMAK
636,Mwinilunga,ZM,69.12,light rain,-11.7358,24.4293,Kwakuwahi Lodge
639,Prainha,BR,86.54,broken clouds,-1.8,-53.48,Casa Rocha
642,Doka,SD,81.95,clear sky,13.5167,35.7667,
645,Santa Fe,AR,87.03,scattered clouds,-31.6333,-60.7,Conquistador Hotel
646,Porto Santo,PT,64.78,broken clouds,33.072,-16.3415,Hotel Porto Santo & Spa
648,Mogadishu,SO,80.37,clear sky,2.0371,45.3438,Hotel Juba
649,Buta,CD,73.35,scattered clouds,2.7858,24.73,HOTEL BISO NA BISO
653,Santa Isabel Do Rio Negro,BR,83.08,overcast clouds,-0.4139,-65.0192,Hotel GSA
654,Raga,SS,82.29,broken clouds,8.4596,25.678,
655,Vallenar,CL,89.29,clear sky,-28.5708,-70.7581,Humacao Bed & Breakfast
656,Lima,PE,71.13,broken clouds,-12.0432,-77.0282,Gran Hotel Bolivar Lima
657,Ibra,OM,67.03,clear sky,22.6906,58.5334,ŸÖÿ≤ÿ±ÿπÿ© ÿ±ÿßÿ≠ÿ© ÿßŸÑŸÜŸÅŸàÿ≥ ÿßŸÑŸÖŸÜÿ≤ŸÅÿ©
660,Concordia,AR,77.07,broken clouds,-31.393,-58.0209,Palmar Hotel Casino
661,Malakal,SS,84.56,clear sky,9.5334,31.6605,Nile Palace Hotel
664,Madimba,TZ,79.09,scattered clouds,-10.4,40.3333,
666,North Myrtle Beach,US,75.04,clear sky,33.816,-78.68,Avista Resort
669,Parrita,CR,92.98,scattered clouds,9.5201,-84.3225,Beso del Viento
670,Mangai,CD,71.55,heavy intensity rain,-4.05,19.5333,
672,Bouna,CI,85.14,clear sky,9.2667,-3.0,H√¥tel lababa
673,Elizabeth City,US,69.03,clear sky,36.2946,-76.2511,Hampton Inn Elizabeth City
674,Karpathos,GR,64.36,broken clouds,35.507,27.2132,Alex
675,Jovellanos,CU,84.7,clear sky,22.8044,-81.1944,Finca Luna
677,Le Port,RE,78.8,few clouds,-20.9373,55.2919,KORBEY D'OR OUEST
678,Mosquera,CO,69.89,scattered clouds,4.7059,-74.2302,Hotel SJ
680,Sechura,PE,77.23,scattered clouds,-5.5569,-80.8222,Hospedaje Costa Bella
681,Chiriqui Grande,PA,84.07,overcast clouds,8.95,-82.1167,Hotel Atlantic
682,Atlantic Beach,US,75.09,clear sky,30.3344,-81.3987,One Ocean Resort and Spa
683,Harihar,IN,69.96,overcast clouds,14.5167,75.8,Azaam Dadapeer Palmbar
684,San Andres,CO,86.02,scattered clouds,12.5847,-81.7006,Hotel Arena Blanca
688,Las Tunas,CU,81.66,overcast clouds,20.9617,-76.9511,Hotel Cadillac
689,Puerto Suarez,BO,90.16,thunderstorm,-18.95,-57.8,Hotel casa real
691,Mapiri,BO,82.45,overcast clouds,-15.25,-68.1667,
693,Dolores,AR,69.85,overcast clouds,-36.3132,-57.6792,Apart Hotel - Arianos
694,Ouesso,CG,73.11,moderate rain,1.6136,16.0517,ABENIE Hotel
696,Paramonga,PE,70.61,overcast clouds,-10.6667,-77.8333,HOSTAL MI CHALET - PARAMONGA
697,Cajati,BR,76.66,broken clouds,-24.7361,-48.1228,Lanchonete e Hotel Cortesia
699,Kanniyakumari,IN,79.16,clear sky,8.0833,77.5667,Sparsa
700,Chandbali,IN,68.41,light rain,20.7833,86.7667,KABITA HOMES
701,Paso De Los Toros,UY,83.86,overcast clouds,-32.8167,-56.5167,Complejo Isabelino
702,Pajan,EC,86.23,overcast clouds,-1.5667,-80.4167,Cecadel
703,Kaman,IN,64.17,clear sky,27.65,77.2667,Dr.kishan kaman
704,Clarence Town,AU,66.85,overcast clouds,-32.5833,151.7833,River Downs Cottage
705,Ghanzi,BW,68.95,moderate rain,-21.5667,21.7833,Ghanzi Farmhouse
706,Benjamin Constant,BR,86.13,scattered clouds,-4.3831,-70.0311,CASA AVALIADA
707,Road Town,VG,84.24,scattered clouds,18.4167,-64.6167,"ZINGARA 76ft Catamaran, full crew-all included"
708,Kaniama,CD,71.11,few clouds,-7.5667,24.1833,
709,Puerto Morazan,NI,92.17,overcast clouds,12.8504,-87.1717,Iglesia de Dios de la profecia
713,Juruti,BR,86.2,moderate rain,-2.1522,-56.0922,Hotel Acau√£ - ORLA
714,Camabatela,AO,64.67,moderate rain,-8.1881,15.375,Pens√£o E Restaurantes
715,Mokolo,CM,76.46,overcast clouds,10.7398,13.8019,Diwa H√¥tel
717,Ashqelon,IL,70.41,overcast clouds,31.6693,34.5715,Leonardo Ashkelon
719,Lar,IN,72.37,overcast clouds,26.2039,83.9717,Ovaiskarni ward Lar
723,Puerto Carreno,CO,87.78,scattered clouds,6.189,-67.4859,Casa Hotel Victoria
725,Barra Patuca,HN,79.93,overcast clouds,15.8,-84.2833,
727,Koungou,YT,80.31,clear sky,-12.7336,45.2042,Villa Netibor
729,Soroti,UG,73.0,scattered clouds,1.7146,33.6111,Strikers Hotel
730,Dekar,BW,68.74,moderate rain,-21.5333,21.9333,
731,Oros,BR,94.98,scattered clouds,-6.2444,-38.9136,Pousada Or√≥s
734,Tamarindo,CU,80.98,clear sky,22.1175,-78.9087,
736,Porto Novo,BJ,85.82,broken clouds,6.4965,2.6036,Tour Eiffel Hotel Benin
738,Edd,ER,83.39,clear sky,13.9297,41.6925,
740,Puerto El Triunfo,SV,90.18,clear sky,13.2833,-88.55,Hotel Jardin
741,Chirongui,YT,80.53,scattered clouds,-12.9319,45.1483,La Villa Mahatsara
743,Machico,PT,66.7,scattered clouds,32.7,-16.7667,Dom Pedro Madeira Hotel
748,Bangui,CF,80.35,overcast clouds,4.3612,18.555,SAM HOTEL
751,Porto Belo,BR,79.16,broken clouds,-27.1578,-48.5531,Costa Verde Beach Hotel
752,Isla Mujeres,MX,82.17,clear sky,21.2311,-86.731,Hotel La Joya Isla Mujeres
753,Formosa Do Rio Preto,BR,72.32,overcast clouds,-11.0483,-45.1931,Porto Center Hotel
755,Thinadhoo,MV,82.18,overcast clouds,0.5333,72.9333,
758,Sami,GM,88.45,overcast clouds,13.5833,-15.2,
760,Dakar,SN,79.68,dust,14.6937,-17.4441,Redface Studios Meubl√©s
764,Samana,DO,84.42,scattered clouds,19.2056,-69.3369,The Bannister - Hotel & Yacht Club
769,Bundibugyo,UG,69.58,overcast clouds,0.7414,30.0417,R.A. Kaliisa Accomodations
770,Mahanje,TZ,69.22,clear sky,-9.9333,35.3333,
772,Black River,JM,85.98,overcast clouds,18.0264,-77.8487,Idlers' Rest Beach Hotel
775,Macapa,BR,84.18,light rain,0.0389,-51.0664,Atalanta Hotel
778,Contamana,PE,90.57,light rain,-7.3333,-75.0167,Shiringal Touristic Park
780,San Carlos Del Zulia,VE,88.99,broken clouds,9.0,-71.9135,Hotel El Manantial
781,Talcahuano,CL,73.08,clear sky,-36.7167,-73.1167,departamento comodo
782,Kerouane,GN,81.05,broken clouds,9.2667,-9.0167,
783,Kadiri,IN,73.11,overcast clouds,14.1167,78.1667,Railway Guest House
784,Funtua,NG,73.02,overcast clouds,11.5233,7.3081,Sani Jikan Mallam Hotel
785,Ippy,CF,80.56,broken clouds,6.2679,21.2247,
786,Tres Passos,BR,93.29,scattered clouds,-27.4556,-53.9319,Hotel Imperial
787,Tocopilla,CL,71.91,few clouds,-22.092,-70.1979,Hotel Galvarino
789,Rock Sound,BS,77.94,overcast clouds,24.9,-76.2,Rock Sound Club
790,Axim,GH,80.47,few clouds,4.8699,-2.2405,Axim Beach Resort And Spa
791,Salinopolis,BR,83.35,overcast clouds,-0.6136,-47.3561,Salinas Park Resort Ma√ßarico AP101
793,Cartagena,CO,87.42,broken clouds,10.3997,-75.5144,Hotel Colombia Real - Cartagena
794,Sucre,BO,68.32,overcast clouds,-19.0333,-65.2627,Hotel Premier
796,Boqueirao,BR,87.35,broken clouds,-7.5,-36.1333,Hotel Chique Chique
798,Blacksburg,US,65.55,overcast clouds,37.2296,-80.4139,Hilton Garden Inn Blacksburg University
799,Qena,EG,66.31,overcast clouds,26.1615,32.7183,"Grand hotel ""Quena"""
802,Calbuco,CL,65.41,clear sky,-41.768,-73.1273,Hotel Colonial
806,Diffa,NE,78.91,few clouds,13.3154,12.6113,ProDAF/Diffa
807,Chicama,PE,66.74,overcast clouds,-7.8447,-79.1469,Balihai Bungalows
810,Gopalpur,IN,68.72,heavy intensity rain,19.2667,84.9167,Gopalpur Palm Resort
814,Bara,NG,81.1,broken clouds,10.3744,10.7288,
815,Jeronimo Monteiro,BR,75.0,broken clouds,-20.7894,-41.395,Pousada Capuchos
820,Uige,AO,68.38,light rain,-7.6087,15.0613,Hotel Catraio
825,Mpulungu,ZM,78.24,overcast clouds,-8.7623,31.1141,Chela moche guest house
827,Puerto Madryn,AR,79.65,clear sky,-42.7692,-65.0385,Hotel Tolosa
828,Filingue,NE,82.62,clear sky,14.3521,3.3168,
829,Sao Lourenco Da Serra,BR,77.72,broken clouds,-23.8525,-46.9425,Kohlerland
831,San Miguel,SV,93.92,broken clouds,13.4833,-88.1833,Hotel Tropico Inn San Miguel
832,Luziania,BR,80.29,broken clouds,-16.2525,-47.9503,HOTEL SARON
833,Robertsport,LR,82.53,overcast clouds,6.7533,-11.3686,Kwepunha Retreat
835,Sao Jose Da Coroa Grande,BR,81.23,scattered clouds,-8.8978,-35.1478,Cr√¥a Mares Hotel
836,Alenquer,BR,80.94,broken clouds,-1.9417,-54.7383,Josilene Castro
839,The Valley,AI,85.86,scattered clouds,18.217,-63.0578,CeBlue Villas & Beach Resort
842,Matara,LK,76.86,overcast clouds,5.9485,80.5353,Amaloh Boutique Resort
845,Tartagal,AR,70.34,overcast clouds,-22.5164,-63.8013,Almu√±ecar Hotel
846,Uberlandia,BR,83.41,broken clouds,-18.9186,-48.2772,Hotel Apollo
854,Obo,CF,77.43,overcast clouds,5.3998,26.4869,
859,Vieques,PR,87.67,scattered clouds,18.425,-65.8329,"The St. Regis Bahia Beach Resort, Puerto Rico"
861,Mar De Espanha,BR,74.64,broken clouds,-21.8672,-43.0097,Pousada Ayuruoca
863,Luba,GQ,81.19,light rain,3.4568,8.5547,
864,Baracoa,CU,79.63,broken clouds,20.3467,-74.4958,Hostal Rio Miel
867,Guanica,PR,87.98,broken clouds,17.9716,-66.908,Copamarina Beach Resort & Spa
868,Malpe,IN,79.9,overcast clouds,13.35,74.7167,Hotel Sri Krishna Residency
869,Itaqui,BR,94.44,few clouds,-29.1253,-56.5531,HOTEL BIASI - ITAQUI/RS
875,Jega,NG,79.97,clear sky,12.2175,4.3792,ALH. Nasiru Ibrahim
879,Soavinandriana,MG,65.79,scattered clouds,-19.1667,46.7333,
882,Mazagao,BR,84.25,overcast clouds,-0.115,-51.2894,Recanto dos Ferreiras
885,Iberia,US,79.97,clear sky,29.9502,-91.7507,back to back rv park
886,Camocim,BR,85.69,broken clouds,-2.9022,-40.8411,Ilha Praia Hotel
888,Novo Oriente,BR,83.93,overcast clouds,-5.5344,-40.7742,Golden Palace Hotel
891,Bahraich,IN,66.69,clear sky,27.5833,81.6,Narain Guest House
892,Podor,MR,94.95,clear sky,16.6527,-14.9587,Auberge Du T√©krour
893,Trinidad,BO,91.38,scattered clouds,-14.8333,-64.9,Hotel Piesta
895,Tzucacab,MX,88.29,clear sky,20.0667,-89.05,Hotel Jabines Centro
896,Mutoko,ZW,77.79,broken clouds,-17.397,32.2268,Mutoko Hotel
897,Guiratinga,BR,85.68,overcast clouds,-16.3494,-53.7583,Hotel Angra do Cerrado - Guiratinga MT
898,Biabou,VC,87.89,scattered clouds,13.2,-61.1333,Spring Garden Resort
902,Camopi,GF,76.68,light rain,3.1655,-52.3158,La pousada
907,Santa Maria Da Boa Vista,BR,90.1,overcast clouds,-8.8078,-39.8256,F√™nix Hotel e Restaurante
908,Ailigandi,PA,83.71,overcast clouds,9.2333,-78.0167,Akwa Reef Lodge
912,Aswan,EG,74.5,clear sky,24.0934,32.907,Nuba Nile
914,Maragogi,BR,81.1,scattered clouds,-9.0122,-35.2225,Salinas do Maragogi All Inclusive Resort
915,Venado Tuerto,AR,75.36,overcast clouds,-33.7456,-61.9688,Hotel - Miro Park
916,Cotonou,BJ,85.98,few clouds,6.3654,2.4183,Novotel Cotonou Orisha
917,Naliya,IN,71.56,clear sky,23.2667,68.8333,jadeja jayendrasinh
919,Am Timan,TD,84.7,clear sky,11.0297,20.2827,Palais du chef Canton Salamt
920,Nortelandia,BR,89.22,overcast clouds,-14.4547,-56.8028,Hotel Karysm√£
923,Tignere,CM,76.37,broken clouds,7.3667,12.65,SADECK
925,Manaure,CO,93.31,broken clouds,11.7751,-72.4445,Hotel Palaaima
928,Dire,ML,84.47,overcast clouds,12.2833,-10.9667,
935,Ballina,AU,69.76,overcast clouds,-28.8667,153.5667,Ramada Hotel & Suites by Wyndham Ballina Byron
936,Rotifunk,SL,77.61,overcast clouds,8.2333,-12.6833,
938,Virginia Beach,US,64.06,overcast clouds,36.8529,-75.978,Hilton Virginia Beach Oceanfront
944,Riachao Das Neves,BR,74.97,overcast clouds,-11.7461,-44.91,Casa Costa
949,Deltona,US,77.86,clear sky,28.9005,-81.2637,Travelodge by Wyndham Deltona
950,Koulikoro,ML,80.38,broken clouds,14.0,-7.75,
952,Abu Dhabi,AE,74.97,clear sky,24.4667,54.3667,Ramee Garden Hotel Apartments
958,Mangrol,IN,76.66,few clouds,21.1167,70.1167,Hotel The Royal Honours
959,Quelimane,MZ,80.17,clear sky,-17.8786,36.8883,Hotel Flamingo
960,Arrecife,ES,66.27,clear sky,28.963,-13.5477,Hotel Lancelot
961,Kinango,KE,80.71,light rain,-4.1372,39.3153,Legacy Hotel
963,Soubre,CI,78.93,scattered clouds,5.7856,-6.6083,Lynd Hotels Soubre
964,Santiago De Cao,PE,68.52,overcast clouds,-7.9589,-79.2392,Villa Konecta - Casa de vacaciones
966,Lodja,CD,71.89,light rain,-3.4833,23.4333,
969,Felipe Carrillo Puerto,MX,84.99,clear sky,19.5833,-88.05,Hotel La Ceiba
970,Bani,DO,82.85,few clouds,18.2833,-70.3333,Hospedaje Henriquez
971,Sakaraha,MG,78.22,clear sky,-22.9,44.5333,Le Relais
972,Maceio,BR,85.44,broken clouds,-9.6658,-35.7353,Poutur Pousada
974,Anupgarh,IN,65.14,clear sky,29.1911,73.2086,Kushal & Vishal DTH Kappa Internet Service
978,Ilo,PE,71.02,broken clouds,-17.6394,-71.3375,Torreblanca Hotel
982,Beira,MZ,82.49,clear sky,-19.8436,34.8389,Beira Terrace Hotel
984,Rafai,CF,76.06,few clouds,4.95,23.9167,
989,Santa Vitoria Do Palmar,BR,71.22,overcast clouds,-33.5189,-53.3681,Hostel Comodoro
990,Ciudad Bolivar,VE,90.19,overcast clouds,8.1222,-63.5497,Hotel Edi
991,Mitsamiouli,KM,81.55,light rain,-11.3847,43.2844,Foyer ADM
992,Diamantino,BR,86.85,overcast clouds,-14.4086,-56.4461,Hotel Delta
993,Uthal,PK,68.63,clear sky,25.8072,66.6219,Al-Mustafa Hotel
1000,Jizan,SA,79.2,clear sky,17.3333,42.6667,ÿ¥ŸáÿØÿßŸÜ. ÿßÿ®ŸàÿßŸÑÿ≠ÿ¨ÿ±
1002,San Francisco De Becerra,HN,77.43,broken clouds,14.6333,-86.1,Finca ¬®La Victoria¬®
1006,Vondrozo,MG,69.69,scattered clouds,-22.8167,47.2833,
1008,Bachaquero,VE,86.65,broken clouds,9.9694,-71.1494,casa de los dinosaurios
1010,Loandjili,CG,78.22,overcast clouds,-4.7561,11.8578,R√©sidence ARCHANGE
1014,Zemio,CF,76.12,scattered clouds,5.0314,25.1361,OCHA Office
1015,Udaipura,IN,64.24,clear sky,23.0833,78.5,Hotel Kanha Palace
1016,Yanam,IN,75.92,moderate rain,16.7333,82.2167,The Regency Hotel
1019,Wum,CM,72.63,scattered clouds,6.3833,10.0667,Wum Council Hall
1023,Tubarao,BR,83.25,broken clouds,-28.4667,-49.0069,Hotel San Silvestre
1024,San Clemente,US,64.36,broken clouds,33.427,-117.612,Casablanca Inn
1027,Dutse,NG,76.93,overcast clouds,11.7594,9.3392,Central Mosque Galamawa
1028,Ipora,BR,85.3,broken clouds,-16.4419,-51.1178,O√°sis Motel
1029,Nuevitas,CU,80.73,scattered clouds,21.5453,-77.2644,Hotel Caonaba
1031,Dabhol,IN,72.61,clear sky,17.6,73.1667,Ashwamedh Resort
1032,Lardos,GR,65.95,overcast clouds,36.0942,28.0157,Lindos Princess Beach Hotel
1033,Bellavista,PE,90.0,overcast clouds,-7.0561,-76.5911,Hospedaje Bella Durmiente
1040,Nikki,BJ,79.65,broken clouds,9.9401,3.2108,Hotel John
1042,Pucallpa,PE,91.53,moderate rain,-8.3791,-74.5539,Hospedaje Komby
1044,Bafoulabe,ML,89.35,overcast clouds,13.8065,-10.8321,
1045,Torit,SS,81.73,broken clouds,4.4133,32.5678,Diplomat Guest House
1047,Gangarampur,IN,69.19,overcast clouds,25.4,88.5167,Parijat Lodge
1048,Jutai,BR,85.39,broken clouds,-5.1833,-68.9,
1055,Minas,UY,70.52,overcast clouds,-34.3759,-55.2377,Hotel Minas
1057,Toamasina,MG,75.9,clear sky,-18.1667,49.3833,Hotel H1
1059,Kouango,CF,80.94,few clouds,4.9934,19.9619,
1061,Pemba,MZ,81.12,clear sky,-12.974,40.5178,Guesthouse Samotina
1063,Puerto Del Rosario,ES,65.95,clear sky,28.5004,-13.8627,Hotel JM Puerto del Rosario
1065,Omboue,GA,78.53,overcast clouds,-1.5746,9.2618,Hotel Olako
1066,Boende,CD,73.71,overcast clouds,-0.2167,20.8667,
1067,Nsanje,MW,87.84,broken clouds,-16.92,35.262,Nsanje Discovery Lodge
1070,Gaoua,BF,85.64,clear sky,10.2992,-3.2508,
1071,Cuncolim,IN,74.62,clear sky,15.1667,73.9833,"Holiday Inn Resort Goa, an IHG Hotel"
1074,Nicolas Bravo,MX,83.28,broken clouds,18.45,-88.9167,
1076,Mulanje,MW,83.25,overcast clouds,-16.0316,35.5,Mulanje Motel
1077,Batabano,CU,83.01,clear sky,22.7164,-82.2881,
1080,Norton,ZW,75.27,scattered clouds,-17.8833,30.7,Chingwara Mansion
1083,Puerto Colombia,CO,84.31,scattered clouds,10.9878,-74.9547,Hotel El Emigrante
1086,Lakshmeshwar,IN,68.92,broken clouds,15.1333,75.4667,Prashanth Hotel Complex
1087,Shakawe,BW,73.09,overcast clouds,-18.3667,21.85,Ditlhapi Guest House
1089,Naberera,TZ,68.32,overcast clouds,-4.2,36.9333,
1090,Itacoatiara,BR,83.91,broken clouds,-3.1431,-58.4442,BBB Rooms Centro Itacoatiara AM
1091,Islamkot,PK,68.97,clear sky,24.6997,70.177,Haji Hotel
1093,Los Angeles,US,72.19,haze,34.0522,-118.2437,Kawada Hotel
1094,Gao,ML,78.58,clear sky,16.6362,1.637,
1095,San-Pedro,CI,79.92,broken clouds,4.7485,-6.6363,Hotel Maria
1098,Tshikapa,CD,72.7,overcast clouds,-6.4167,20.8,H√¥tel Tshia-Muntu de Tshikapa
1100,Linhares,BR,78.75,few clouds,-19.3911,-40.0722,Hotel Concei√ß√£o
1101,Kasama,ZM,75.15,broken clouds,-10.2129,31.1808,Kalebalika Cottages
1105,Kampene,CD,70.72,light rain,-3.6,26.6667,
1107,Basoko,CD,74.59,overcast clouds,1.2391,23.616,Jackyna Hotel
1108,Idukki,IN,68.65,overcast clouds,9.85,76.9667,"GOVERNMENT GUEST HOUSE, IDUKKI"
1110,Pacasmayo,PE,70.56,overcast clouds,-7.4006,-79.5714,El Sol de Pacasmayo Hotel
1111,Tahoua,NE,78.19,clear sky,14.8888,5.2692,Bungalows Guesthouse
1112,Timbiras,BR,84.76,overcast clouds,-4.2553,-43.9406,Timbiras Palmeirais Hotel
1115,Altamira,BR,78.89,broken clouds,-3.2033,-52.2064,Requinte Hotel
1116,Morros,BR,73.85,very heavy rain,-9.4467,-46.3003,
1117,Nova Olimpia,BR,86.49,overcast clouds,-14.7972,-57.2881,Motel glamour
1119,Bella Union,UY,88.57,light rain,-30.2752,-57.6007,Saville Free Shop
1120,Kabinda,CD,70.74,overcast clouds,-6.1333,24.4833,Village Mianda Mutole
1121,Arsikere,IN,68.58,overcast clouds,13.3139,76.2561,KPS Comforts
1122,Jardim,BR,85.66,overcast clouds,-21.4803,-56.1381,Estancia Hotel - Jardim MS
1126,Berbera,SO,77.16,clear sky,10.4396,45.0143,IBCO REAL ESTATE PROPERTY
1127,West Bay,KY,83.07,overcast clouds,19.3667,-81.4167,Calypso Cove
1128,Bundi,IN,66.42,clear sky,25.4417,75.6417,HOTEL BUNDI INN- A Heritage Haveli
1129,Aguimes,ES,65.03,few clouds,27.9054,-15.4461,Hotel Villa de Aguimes
1131,Jamundi,CO,85.96,overcast clouds,3.2607,-76.535,CASA CAMPESTRE HABITACIONES 365
1136,Benguela,AO,77.4,overcast clouds,-12.5763,13.4055,Hotel Praia Morena
1138,Descalvado,BR,79.38,broken clouds,-21.9039,-47.6194,Hotel Descalvado
1139,Sambava,MG,77.65,light rain,-14.2667,50.1667,Melrose
1147,Matadi,CD,77.31,overcast clouds,-5.8167,13.45,Hotel Vivi Palace
1148,Iralaya,HN,82.49,overcast clouds,15.0,-83.2333,Iglesia morava renovada
1152,Bilara,IN,66.92,clear sky,26.1792,73.7056,Moti Lal Malviya
1155,Nisia Floresta,BR,86.81,scattered clouds,-6.0911,-35.2086,Rancho Crepusculo
1156,Varzea Da Palma,BR,82.89,overcast clouds,-17.5981,-44.7308,Casa Fernandes
1157,Nampula,MZ,76.8,clear sky,-15.1165,39.2666,BUTIK Hotel
1158,Aguas Formosas,BR,76.51,broken clouds,-17.0822,-40.9358,HAVAY PALACE HOTEL
1159,Guider,CM,85.14,scattered clouds,9.9342,13.9486,"AUBERGE LA GRACE , G√âRANT : OUDAWAREME BALTHAZAR"
1160,Jacareacanga,BR,81.28,overcast clouds,-6.2222,-57.7528,Casa do Ianüòé
1161,Chilca,PE,73.85,overcast clouds,-12.5211,-76.7372,Playa Punta Yaya - Las Salinas
1162,Caxito,AO,75.97,moderate rain,-8.5785,13.6643,
1163,Morant Bay,JM,82.65,overcast clouds,17.8815,-76.4093,Whispering Bamboo Cove Resort
1165,Warri,NG,82.51,overcast clouds,5.5167,5.75,BON Hotel Delta
1167,Lynchburg,US,68.92,clear sky,37.4138,-79.1423,Econo Lodge
1170,Tarauaca,BR,80.98,moderate rain,-8.1614,-70.7656,Flat Temporada
1171,Nkhata Bay,MW,79.79,clear sky,-11.6066,34.2907,Mayoka Village
1172,Betare Oya,CM,81.12,overcast clouds,5.6,14.0833,Auberge Tembina Betar√© Oya
1173,Bannur,IN,68.97,overcast clouds,12.3308,76.8631,M.R.S Deluxe Lodge
1175,Bodden Town,KY,82.99,overcast clouds,19.2833,-81.25,Will T Place
1178,Msanga,TZ,72.43,few clouds,-6.05,36.0333,
1180,Anakapalle,IN,78.75,overcast clouds,17.6833,83.0167,Satya Lodge
1181,Bougouni,ML,84.42,broken clouds,11.417,-7.479,Non Stop
1182,Alto Araguaia,BR,84.38,overcast clouds,-17.3147,-53.2153,Araguaia Palace Hotel
1185,Villa Rica,US,69.82,overcast clouds,33.7321,-84.9191,Days Inn by Wyndham Villa Rica
1186,Fonte Boa,BR,81.79,overcast clouds,-2.4959,-66.2662,
1187,Itupiranga,BR,88.12,overcast clouds,-5.1347,-49.3267,Hotel Panorama
1190,Turbat,PK,70.18,clear sky,26.0023,63.044,Mubashar Quarters
1196,Tome,CL,74.01,clear sky,-36.6167,-72.95,Dichato habitaciones
1198,Porbandar,IN,74.97,clear sky,21.6422,69.6093,Lords Inn Porbandar
1204,Ciudad Guayana,VE,88.52,overcast clouds,8.3533,-62.6528,Hotel Las Americas
1206,Paita,PE,77.56,overcast clouds,-5.0892,-81.1144,Hotel N√°utico de Paita
1207,Villa Maria,AR,83.59,clear sky,-32.4075,-63.2402,Hotel Milenium
1212,Manaus,BR,84.7,broken clouds,-3.1019,-60.025,Manaus Hot√©is Millennium
1213,Hilton Head Island,US,75.99,clear sky,32.2163,-80.7526,Disney‚Äôs Hilton Head Island Resort
1215,Yokadouma,CM,73.81,broken clouds,3.5167,15.05,H√¥tel De Ville De Yokadouma
1216,Bindura,ZW,78.01,broken clouds,-17.3019,31.3306,Mayfair Lodges and Restaurant
1218,Dzaoudzi,YT,80.49,clear sky,-12.7887,45.2699,Le Rocher
1219,Djibo,BF,83.07,overcast clouds,14.1022,-1.6306,Centre Des Ressources DPENA
1223,Kapiri Mposhi,ZM,73.0,clear sky,-13.9652,28.6809,MA 22 LODGE
1226,Jaciara,BR,84.69,overcast clouds,-15.9653,-54.9683,Taba Hotel
1227,Tanout,NE,74.43,few clouds,14.9709,8.8879,
1231,Veraval,IN,76.39,few clouds,20.9,70.3667,Lords Inn Somnath
1235,Florianopolis,BR,76.62,broken clouds,-27.6146,-48.5012,Hotel Boutique Quinta das Videiras
1236,Niamey,NE,84.06,few clouds,13.5137,2.1098,Soluxe Hotel Niamey
1238,Mumbwa,ZM,78.42,scattered clouds,-14.9783,27.0619,Mumbwa Motel
1240,Punta Cardon,VE,83.97,scattered clouds,11.6581,-70.215,Bambuda hotel
1241,De Aar,ZA,64.98,light rain,-30.6497,24.0123,Nyibiba Guesthouse
1242,Valparaiso,CL,82.63,clear sky,-33.0393,-71.6273,Hotel Ultramar
1243,Arrifes,PT,64.24,broken clouds,37.7667,-25.7,Hotel Ponta Delgada
1244,Nizwa,OM,68.4,clear sky,22.9333,57.5333,Orient Apartments
1245,Clevelandia,BR,83.52,overcast clouds,-26.3958,-52.4708,
1246,America Dourada,BR,67.23,overcast clouds,-11.4553,-41.4361,Pousada do Ninho
1247,Araguacu,BR,83.41,overcast clouds,-12.9306,-49.8264,Hotel Tocantins
1249,Miraflores,MX,72.36,clear sky,19.2167,-98.8083,Hotel Mansi√≥n
1251,Narasannapeta,IN,69.48,moderate rain,18.4167,84.05,G.lingaraju home
1252,El Alto,PE,74.86,overcast clouds,-4.2714,-81.2147,Black Marlin Restaurant & Hospedaje
1254,Adre,TD,77.45,clear sky,13.4667,22.2,
1255,Novita,CO,79.34,overcast clouds,4.9551,-76.6053,B/ Buenos Aires Sector Las Curvitas
1258,Tucuma,BR,82.89,broken clouds,-0.1833,-50.05,
1262,Sao Felix Do Xingu,BR,81.95,overcast clouds,-6.6447,-51.995,Rio Xingu Camping
1264,Grajau,BR,81.03,overcast clouds,-5.8194,-46.1386,Hotel Confian√ßa
1266,Baoro,CF,78.44,broken clouds,5.6667,15.9667,
1267,Cairo,EG,66.96,scattered clouds,30.0626,31.2497,Grand Hotel
1270,Boda,CF,79.86,overcast clouds,4.3189,17.4695,
1278,Malinyi,TZ,77.43,broken clouds,-8.9333,36.1333,
1281,Harlingen,US,84.88,broken clouds,26.1906,-97.6961,Courtyard by Marriott Harlingen
1283,San Miguelito,PA,89.78,scattered clouds,9.0333,-79.5,Conferencista Jose Pepe Quijada
1284,Winter Garden,US,78.06,overcast clouds,28.5653,-81.5862,Fairfield Inn & Suites by Marriott Orlando Ocoee
1286,Iacu,BR,80.44,clear sky,-12.7672,-40.2117,Pousada e Restaurante Portal da Chapada
1290,Goiatuba,BR,83.28,overcast clouds,-18.0125,-49.3547,Hotel Barrocos
1294,Mandiana,GN,84.6,overcast clouds,10.6333,-8.6833,Motels rouzo
1296,Sarangarh,IN,64.4,overcast clouds,21.6,83.0833,Svidha kendra
1298,Lucapa,AO,67.55,overcast clouds,-8.4192,20.7447,Resid√™ncia Ulisses Dos Santos
1299,Tsaratanana,MG,78.76,clear sky,-16.7833,47.65,
1301,Vangaindrano,MG,75.09,scattered clouds,-23.35,47.6,Hotel Fanilo
1302,Obera,AR,94.53,overcast clouds,-27.4871,-55.1199,CABA√ëAS DORALIA
1305,Matay,EG,64.62,scattered clouds,28.419,30.7792,Nag Aespen
1306,Gambela,ET,87.49,overcast clouds,8.25,34.5833,Solomon Debebe Hotel
1308,Culebra,PR,83.17,broken clouds,18.303,-65.301,Palmetto Guesthouse
1309,Urambo,TZ,75.16,overcast clouds,-5.0667,32.05,Fair Lodge
1310,Cabinda,AO,78.4,overcast clouds,-5.55,12.2,Hotel Maiombe
1315,Araxa,BR,80.33,broken clouds,-19.5933,-46.9406,Plaza Inn Flat Arax√°
1318,Torata,PE,70.63,broken clouds,-17.0769,-70.8433,Lodging Sra. Tina Vera
1321,Paracatu,BR,77.7,overcast clouds,-17.2222,-46.8747,Hotel Paracatu Plaza
1323,Cocobeach,GA,76.93,overcast clouds,1.0002,9.5823,Hotel Esperance
1331,San Felix,UY,82.11,overcast clouds,-32.3333,-58.1333,Hotel Papiros
1332,Casma,CL,72.68,clear sky,-41.0082,-73.1244,Hospedaje Casma
1333,Werda,BW,68.65,overcast clouds,-25.2667,23.2833,
1338,Kollam,IN,78.67,overcast clouds,8.8833,76.6,Nani Hotels and Resorts
1342,Manakara,MG,75.78,clear sky,-22.1333,48.0167,La Residence Manakara
1344,Maxixe,MZ,80.42,scattered clouds,-23.8597,35.3472,Oceano
1347,Nioki,CD,73.67,overcast clouds,-2.7167,17.6833,
1349,Palasa,IN,68.5,moderate rain,18.7667,84.4167,Balaji tifen & meals veg & non veg hotel
1351,Tucuman,AR,71.6,overcast clouds,-26.8241,-65.2226,Dallas Hotel Tucuman
1357,Bandiagara,ML,81.75,overcast clouds,14.3501,-3.6104,Hotel de la Falaise
1358,Bandar-E Lengeh,IR,73.4,scattered clouds,26.5579,54.8807,⁄©ÿßŸÅ€å ŸÜÿ™ Ÿæÿßÿ±ÿ≥
1364,Kudahuvadhoo,MV,82.26,few clouds,2.6708,72.8944,Niyama Private Islands Maldives
1374,Simoes,BR,81.7,overcast clouds,-7.5989,-40.8178,Hotel Ponto Certo
1375,Mucurapo,TT,84.02,overcast clouds,10.6667,-61.5333,Courtyard by Marriott Port of Spain
1380,Ribas Do Rio Pardo,BR,94.23,clear sky,-20.4431,-53.7592,Pousada Avenida
1384,Cocachacra,PE,73.72,overcast clouds,-17.0883,-71.7575,Hospedaje - El Refugio
1385,Tabuk,PH,65.97,overcast clouds,17.4189,121.4443,Golden Berries Hotel and Convention
1386,Coromandel,BR,77.68,broken clouds,-18.4733,-47.2003,Hotel Dona Ad√©lia
1387,Jiwani,PK,76.21,clear sky,25.05,61.7417,Al Mumtaz Transport Jiwani
1391,Korhogo,CI,84.24,few clouds,9.45,-5.6333,H√¥tel Tchinbota
1392,Ouadda,CF,76.48,overcast clouds,8.0777,22.4007,
1396,Colgong,IN,68.04,overcast clouds,25.2667,87.2167,Hotel Sachin
1397,Kulhudhuffushi,MV,81.99,scattered clouds,6.6221,73.07,Haajy Guest House 1
1400,Aden,YE,80.2,clear sky,12.7794,45.0367,Sama Emirate Hotel
1401,Santiago Del Estero,AR,76.8,overcast clouds,-27.7951,-64.2615,Apartamentos Castelli 90
1403,Garango,BF,84.78,clear sky,11.8,-0.5506,La Case LAVAL-GARANGO
1404,Pirenopolis,BR,80.2,broken clouds,-15.8525,-48.9592,Hotel Pousada Mandala
1406,Kamakhyanagar,IN,67.26,overcast clouds,20.9333,85.55,Panchu Bhai Hotel
1407,Ilheus,BR,79.77,clear sky,-14.7889,-39.0494,Barravento Hotel
1409,Ponta Pora,BR,89.51,few clouds,-22.5361,-55.7256,Hotel Pousada do Bosque
1412,Kouroussa,GN,82.47,overcast clouds,10.65,-9.8833,Hotel Paillote
1413,Garissa,KE,82.98,broken clouds,-0.4536,39.6401,Sharif Plaza Hotel
1415,Charagua,BO,74.03,overcast clouds,-19.8,-63.2167,Hotel
1417,Bitkine,TD,82.36,clear sky,11.9801,18.2138,
1420,Angoche,MZ,80.8,clear sky,-16.2325,39.9086,Guest House HESADA
1424,Isiro,CD,67.91,few clouds,2.7739,27.616,Guest House Hewa Bora
1430,Tucurui,BR,80.49,overcast clouds,-3.7661,-49.6725,BBB Rooms Centro Tucurui PA
1431,Banamba,ML,81.3,overcast clouds,13.55,-7.45,Kassela de Banamba
1432,Pombas,CV,71.38,broken clouds,17.1503,-25.0201,Paul Paradis
1433,Tamale,GH,87.33,clear sky,9.4008,-0.8393,Tap Hotel
1438,Badou,TG,80.06,broken clouds,7.5833,0.6,H√¥tel Abuta
1442,Mormugao,IN,76.41,few clouds,15.4,73.8,Coconut Creek Resort
1443,Iguape,BR,75.63,scattered clouds,-24.7081,-47.5553,Hotel Pousada Nossa Senhora do Carmo
1444,Iquitos,PE,80.64,heavy intensity rain,-3.7481,-73.2472,Casa Morey Hotel & Restaurant
1445,Kpandae,GH,87.55,scattered clouds,8.4689,-0.0113,S. Amaski Guest House
1446,Mindelo,CV,72.95,broken clouds,16.8901,-24.9804,Hotel Gaudi
1447,Ilhabela,BR,73.89,overcast clouds,-23.7781,-45.3581,Ilha Flat Hotel
1448,Warud,IN,67.19,clear sky,21.4667,78.2667,Ankit sonone
1449,Eirunepe,BR,83.5,overcast clouds,-6.6603,-69.8736,Atr√°s de voc√™
1451,Mozarlandia,BR,84.36,overcast clouds,-14.7447,-50.5706,Hotel Santa M√¥nica
1452,Bensonville,LR,81.95,broken clouds,6.4461,-10.6125,Moinga
1455,Rahimatpur,IN,68.25,clear sky,17.6,74.2,Swami Prasad Ice-cream parlor
1456,Ouango,CF,74.03,overcast clouds,4.3133,22.5552,
1460,Santa Marta,CO,85.08,broken clouds,11.2408,-74.199,Casa de Isabella
1466,Porto Walter,BR,86.49,overcast clouds,-8.2686,-72.7439,Secretaria de sa√∫de
1469,Ihosy,MG,73.89,clear sky,-22.4,46.1167,Hotely Sariaka
1471,Jurado,CO,80.65,light rain,7.1053,-77.7641,
1476,Itacarambi,BR,78.8,scattered clouds,-15.1022,-44.0919,POUSADA CAMALE√ÉO
1482,Solwezi,ZM,68.83,clear sky,-12.1688,26.3894,Country Lodge Solwezi
1486,Indija,IN,68.22,clear sky,20.0,77.0,HOME of Gajanan Janardhanrao Jadhav
1487,Gambo,CF,73.92,overcast clouds,4.6482,22.2633,
1488,Paragominas,BR,88.57,scattered clouds,-2.9667,-47.4833,INOVA
1489,Antsohihy,MG,79.25,clear sky,-14.8796,47.9875,Hotel de Ville
1490,Sokoto,NG,79.39,few clouds,13.0609,5.239,Giginya Coral Hotel
1491,Santa Isabel,BR,78.4,broken clouds,-23.3156,-46.2214,Ch√°cara Sombra do Alt√≠ssimo
1492,Hosakote,IN,74.71,broken clouds,14.2769,77.1699,AVN lodge
1493,Biltine,TD,81.16,clear sky,14.5333,20.9167,H√¥tel Trois √âtoiles de Biltine
1494,San Carlos,VE,91.89,broken clouds,9.6612,-68.5827,Hotel Paternopoli
1497,Kuliyapitiya,LK,74.75,clear sky,7.4688,80.0401,Rest House
1498,Eldorado,BR,92.08,overcast clouds,-23.7869,-54.2836,Villa Verde Hotel
1499,Bahadurganj,IN,68.32,overcast clouds,26.2667,87.8167,Usmania Cottage
1501,Mufulira,ZM,71.1,clear sky,-12.5498,28.2407,Kamiria lodge
1504,Sao Geraldo Do Araguaia,BR,83.44,very heavy rain,-6.4006,-48.555,Hotel Por do Sol
1507,Luangwa,ZM,86.09,few clouds,-15.6167,30.4167,Gerasimos Safari Lodge
1508,Nanga Eboko,CM,77.85,scattered clouds,4.6833,12.3667,Motel Papi Palace
1510,Torres,BR,78.82,overcast clouds,-29.3353,-49.7269,Farol Hotel
1512,Leo,BF,82.02,scattered clouds,11.1,-2.1,Hotel Sissilis
1516,Oriximina,BR,83.79,broken clouds,-1.7656,-55.8661,Pousada Tia Am√©lia
1521,Meiganga,CM,77.27,broken clouds,6.5167,14.3,DFR HOUSE
1522,Giddalur,IN,72.91,clear sky,15.35,78.9167,Shivaji Lodge
1529,Afonso Bezerra,BR,91.47,overcast clouds,-5.4983,-36.5056,Pousada Shammah
1530,Ipubi,BR,81.21,overcast clouds,-7.6519,-40.1489,S√≥ Love Motel
1532,Ascope,PE,65.53,overcast clouds,-7.7144,-79.1078,agroindustrial casagrande
1537,Kisangani,CD,72.84,light rain,0.5167,25.2,Grand Ramela Hotel
1538,Waw,SS,84.38,few clouds,7.7029,27.9953,Universal Gab Hotel
1539,Puerto Castilla,HN,82.31,overcast clouds,16.0167,-85.9667,Jito Beach
1540,Dubti,ET,79.11,clear sky,11.7361,41.0853,degu Shiferaw
1541,Peruibe,BR,72.9,overcast clouds,-24.32,-46.9983,Hotel Pousada Xapuri
1544,Oxapampa,PE,67.03,overcast clouds,-10.5775,-75.4017,Hotel Heidinger
1548,Boa Vista,BR,91.38,broken clouds,2.8197,-60.6733,Aipana Plaza Hotel
1549,Sao Gabriel Da Cachoeira,BR,82.2,broken clouds,-0.1303,-67.0892,Alarne - √Årea De Lazer Do Alto Rio Negro
1550,Gurupa,BR,79.74,light rain,-1.405,-51.64,Hotel Vit√≥ria
1551,Cacador,BR,84.78,scattered clouds,-26.7753,-51.015,Hotel Weber
1552,Bukama,CD,74.79,clear sky,-9.2,25.85,
1553,Marolambo,MG,68.76,clear sky,-20.05,48.1167,local guide suport centre
1555,Agadez,NE,68.38,few clouds,19.75,10.25,
1556,Rio Verde De Mato Grosso,BR,91.27,overcast clouds,-18.9181,-54.8442,Hotel Val√™ncia
1557,Nova Russas,BR,91.33,broken clouds,-4.7067,-40.5631,palace motel
1558,Sao Pedro Do Sul,BR,88.63,overcast clouds,-29.6206,-54.1789,S√≠tio Hotel e Eventos
1559,Lukulu,ZM,76.3,few clouds,-14.3707,23.242,Ruth Guest House
1560,Negombo,LK,79.86,few clouds,7.2083,79.8358,Hotel Sunset Beach
1562,Panaba,MX,85.42,clear sky,21.2833,-88.2667,Hotel California
1566,Pizarro,CO,79.47,light rain,4.9533,-77.366,Hotel Limonar
1568,Uribia,CO,89.46,overcast clouds,11.7139,-72.266,Hotel Uribia
1570,Moroni,KM,80.15,few clouds,-11.7022,43.2551,Hotel les Arcades
1571,Enterprise,US,67.86,clear sky,36.0252,-115.2419,Las Vegas Motorcoach Resort
1572,Banda Aceh,ID,77.72,scattered clouds,5.5577,95.3222,Sulthan Hotel International
1574,Santiago De Cuba,CU,85.62,scattered clouds,20.0247,-75.8219,Cubanacan San Felix
1577,Manaquiri,BR,84.69,light rain,-3.3167,-60.35,
1578,Pontes E Lacerda,BR,84.49,overcast clouds,-15.2261,-59.3353,Hotel Bressan
1579,Kongoussi,BF,82.83,broken clouds,13.3258,-1.5347,H√¥tel La Sagesse
1580,Lusambo,CD,69.08,overcast clouds,-4.9667,23.45,
1581,Oron,NG,80.87,broken clouds,4.8256,8.2343,Aqua Belloni Lodge
1582,Itupeva,BR,87.53,scattered clouds,-23.1531,-47.0578,Itupeva Plaza Hotel
1583,Batticaloa,LK,78.82,clear sky,7.7102,81.6924,Grand Star Guest House
1584,Gunjur,GM,80.67,overcast clouds,13.2019,-16.7339,Dalaba Eco-Lodge Gambia
1585,Santa Cruz De La Palma,ES,68.14,scattered clouds,28.6835,-17.7642,H10 Taburiente Playa
1586,Mapiripan,CO,83.61,moderate rain,2.8892,-72.1256,Monserrate
1587,Ilesha,NG,80.19,overcast clouds,7.1371,5.2583,Tosap Guest House
1588,Tulum,MX,83.93,clear sky,20.2167,-87.4667,Kin Ha Tulum
1589,Malavalli,IN,69.58,overcast clouds,12.3833,77.0833,Siddapaji Temple
1591,Barreirinhas,BR,85.78,broken clouds,-2.7469,-42.8264,Gran Len√ß√≥is Flat Residence
1592,Ramapuram,IN,72.34,scattered clouds,13.1167,79.2,Kumar
1593,Malanje,AO,66.04,moderate rain,-9.5402,16.341,Malanje Hotel
1595,Vieux-Habitants,GP,85.57,broken clouds,16.0589,-61.7659,G√Ætes Dardanelle
1597,Arecibo,PR,88.02,broken clouds,18.4724,-66.7157,Atlantic Sand Oasis
1598,Malindi,KE,79.61,light rain,-3.2175,40.1191,African House Resort
1599,Canutama,BR,86.79,overcast clouds,-6.5339,-64.3831,Hotel Jhennifer
1604,Jos,NG,70.23,broken clouds,9.9167,8.9,Silk Suites
1606,Becerril,CO,94.01,overcast clouds,9.7041,-73.2793,Barrio El Carmen
1610,Cariamanga,EC,75.97,moderate rain,-4.3333,-79.55,Bermeo Plaza Hotel
1613,Ribeira Brava,PT,66.83,overcast clouds,32.65,-17.0667,Hotel do Campo
1616,Novo Aripuana,BR,82.87,broken clouds,-5.1206,-60.3797,Hotel Ezequiel
1618,Micheweni,TZ,80.24,few clouds,-4.9667,39.8333,
1620,Harare,ZW,73.81,broken clouds,-17.8294,31.0539,Fife Avenue Hotel
1621,Bulawayo,ZW,81.03,overcast clouds,-20.15,28.5833,4 On Housman Backpackers
1622,Mweka,CD,69.89,moderate rain,-4.85,21.5667,Guest House Boshab
1623,Moron,AR,80.06,light rain,-34.6534,-58.6198,Hotel Mor√≥n
1624,Vilhena,BR,77.22,scattered clouds,-12.7406,-60.1458,Hotel Mirage
1629,Yambio,SS,76.64,overcast clouds,4.5721,28.3955,Naivasha Hotel
1630,Le Vauclin,MQ,84.33,broken clouds,14.5452,-60.8388,H√¥tel Cap Macabou
1634,Serabu,SL,78.51,overcast clouds,7.7958,-12.0536,
1640,Alikalia,SL,78.06,overcast clouds,9.1667,-11.4,
1643,Jaru,BR,83.95,moderate rain,-10.4389,-62.4664,Hotel Paran√°
1645,Soyo,AO,78.89,overcast clouds,-6.1349,12.3689,Hotel Mpampa
1646,Tambacounda,SN,91.45,overcast clouds,13.7539,-13.7586,
1647,Jeremie,HT,81.09,overcast clouds,18.65,-74.1167,Auberge‚ÄôInn
1648,Kensington,AU,64.78,broken clouds,-33.9167,151.2167,Meriton Suites Zetland
1650,Muli,MV,82.51,broken clouds,2.9167,73.5667,Medhufushi Island Resort
1652,Ouagadougou,BF,82.53,clear sky,12.3642,-1.5383,Centrale Hotel
1658,Uvira,CD,74.43,overcast clouds,-3.4067,29.1458,Hotel Suzana
1659,Labrea,BR,82.04,overcast clouds,-7.2586,-64.7981,Hotel Novo Horizonte
1663,Bealanana,MG,64.27,clear sky,-14.55,48.7333,
1664,Itaituba,BR,82.56,scattered clouds,-4.2761,-55.9836,Hotel Campos
1666,Urucui,BR,75.36,moderate rain,-7.2294,-44.5561,Hotel Premium Piau√≠
1667,Ayacucho,PE,66.06,overcast clouds,-13.1583,-74.2239,Hotel Incasol
1669,Dodoma,TZ,72.28,scattered clouds,-6.1722,35.7395,Royal Village Hotel
1671,Taminango,CO,72.61,moderate rain,1.5749,-77.2867,Hotel plaza
1672,Joao Pinheiro,BR,79.92,overcast clouds,-17.7425,-46.1725,Hotel Santos
1673,Rincon,US,74.86,broken clouds,32.296,-81.2354,Days Inn Rincon
1674,Moche,PE,68.18,overcast clouds,-8.1711,-79.0092,Wyndham Costa del Sol Trujillo
1676,Yacuiba,BO,69.03,overcast clouds,-22.038,-63.6797,Hotel Monumental
1679,Samfya,ZM,76.91,clear sky,-11.3649,29.5565,Chita Lodge Samfya
1683,Mattru,SL,78.73,overcast clouds,7.6244,-11.8332,"Mondkor Town, Bagbo Chiefdom, Bo District"
1688,Arani,IN,73.94,broken clouds,12.6667,79.2833,KPK LODGE
1689,Yenagoa,NG,81.23,overcast clouds,4.9247,6.2642,Aridolf Resort Wellness and Spa
1691,Chulumani,BO,79.41,overcast clouds,-16.4096,-67.5263,Hotel Cabanas Paradise
1694,Ituiutaba,BR,86.79,broken clouds,-18.9689,-49.465,Bernal Hotel
1695,Pita,GN,80.51,scattered clouds,10.8333,-12.5833,
1699,Ayna,PE,75.7,overcast clouds,-12.65,-73.9167,
1700,Juba,SS,85.19,overcast clouds,4.8517,31.5825,ROYAL PALACE HOTEL - JUBA
1702,Collipulli,CL,84.4,clear sky,-37.95,-72.4333,Hotel Di Carlo
1703,Maun,BW,76.03,overcast clouds,-19.9833,23.4167,Enviro Villa
1707,Kita,ML,84.24,overcast clouds,13.0349,-9.4895,H√¥tel Chat Rouge
1711,Inongo,CD,71.17,moderate rain,-1.95,18.2667,Hotel Du Lac
1714,Sao Francisco Do Sul,BR,78.13,scattered clouds,-26.2433,-48.6381,Hotel Kontiki
1715,Anori,BR,87.93,moderate rain,-3.7728,-61.6442,Novo Hotel 5 Irm√£os
1716,Kushtagi,IN,73.87,overcast clouds,15.7667,76.2,SPOT ON 63992 Sri Renuka Lodge
1718,Seminole,US,78.89,clear sky,28.7086,-81.2081,Ono Hot Dog Cart and Catering
1719,Mamallapuram,IN,80.06,clear sky,12.6264,80.1722,Radisson Blu Resort Temple Bay Mamallapuram
1721,Puliyankudi,IN,75.65,broken clouds,9.1667,77.4167,G M Lodge
1722,Paliyad,IN,75.85,broken clouds,22.25,71.5667,‡™Ü‡™™‡™£‡´Å‡™Ç ‡™¨‡´ã‡™ü‡™æ‡™¶
1728,Gidole,ET,64.58,broken clouds,5.65,37.3667,Shallom mekaneyesus church
1730,Bajos De Haina,DO,85.93,broken clouds,18.4154,-70.0332,Familia Garc√≠a Santana
1731,Bexhill,AU,67.64,scattered clouds,-28.7667,153.35,Caress Care Counselling & Equine Assisted Learning
1733,Sharjah,AE,75.18,few clouds,25.3573,55.4033,Swiss Belhotel Sharjah
1735,Amudat,UG,73.04,scattered clouds,1.95,34.95,Silent Night Hotel
1739,Prichard,US,77.49,few clouds,30.7388,-88.0789,Best Inn Formerly Known as M Star Hotel
1740,Tame,CO,90.66,overcast clouds,6.461,-71.73,Hospedaje Santa Ana
1741,Sainte-Marie,RE,78.96,clear sky,-20.8968,55.5496,Les pailles en queue de Sainte Marie
1745,Amarante Do Maranhao,BR,80.01,overcast clouds,-5.5667,-46.7422,Hot√©is Ca√ßulinha
1746,Nosy Varika,MG,75.6,few clouds,-20.5833,48.5333,Hotel Volazara
1748,Lavras,BR,77.52,clear sky,-21.2453,-44.9997,Hotel Ouro Lavras
1749,Copiapo,CL,64.09,few clouds,-27.3667,-70.3333,San Francisco de La Selva
1752,Yendi,GH,86.36,overcast clouds,9.4427,-0.0099,Eyarro Lodge
1758,Brazzaville,CG,72.84,overcast clouds,-4.2658,15.2832,Hotel Muesse
1759,Neuquen,AR,75.09,broken clouds,-38.9516,-68.0591,Hotel del Comahue
1762,Banikoara,BJ,81.57,overcast clouds,11.2985,2.4386,H√¥tel de l'UCom CVPC
1763,Alexandria,EG,66.24,overcast clouds,31.2156,29.9553,Royal Crown Hotel
1764,Linguere,SN,87.51,overcast clouds,15.3953,-15.1193,AYO Casablanca
1766,Mossendjo,CG,71.8,broken clouds,-2.9506,12.7261,HOTEL D'ASSISE
1769,Cookeville,US,65.64,mist,36.1628,-85.5016,La Quinta Inn & Suites by Wyndham Cookeville
1770,Selma,US,76.84,clear sky,36.5708,-119.6121,"Holiday Inn Selma-Swancourt, an IHG Hotel"
1771,Bhadrapur,NP,67.06,overcast clouds,26.544,88.0944,Greencity
1773,Pilikwe,BW,78.28,broken clouds,-22.799,27.1938,
1776,Gibara,CU,78.12,overcast clouds,21.1097,-76.1317,Sol y Mar
1782,Mitu,CO,73.33,moderate rain,1.1983,-70.1733,
1785,Bull Savanna,JM,79.54,overcast clouds,17.8868,-77.5902,Big Red's
1788,Tokonou,GN,79.83,overcast clouds,9.65,-9.7833,
1789,Karmala,IN,71.87,scattered clouds,18.4167,75.2,Hotel Ashutosh And Lodge
1795,Mumford,GH,81.43,overcast clouds,5.2618,-0.759,Spanish Villa
1797,Catalina,US,74.1,overcast clouds,32.5056,-110.9211,Miraval Arizona Resort & Spa
1798,Araruama,BR,80.65,broken clouds,-22.8728,-42.3431,Apartamento Quality
1801,Kano,NG,78.69,few clouds,12.0001,8.5167,Havana Guest Inn
1802,Lere,NG,75.02,broken clouds,10.387,8.5726,
1804,Miracema Do Tocantins,BR,83.25,overcast clouds,-9.5618,-48.3967,Miami Apart Hotel
1807,Goma,CD,64.27,light rain,-1.6792,29.2228,Hotel la Versailles Goma
1809,Nagapattinam,IN,77.54,clear sky,10.7667,79.8333,Sathya Lodge
1812,Escarcega,MX,90.43,scattered clouds,18.6089,-90.7454,Hotel Maria Isabel
1814,Phuntsholing,BT,64.78,few clouds,26.8516,89.3884,Hotel White House
1815,Guadalajara,MX,78.98,clear sky,20.6667,-103.3333,Hotel Aranzaz√∫
1818,Rio Claro,BR,89.42,scattered clouds,-22.4114,-47.5614,Hotel Vivendas Rio Claro by Atlantica
1819,Lagos,NG,84.52,broken clouds,6.5833,3.75,
1820,El Carmen,CO,82.47,overcast clouds,8.5106,-73.4478,Hotel La Casona
1823,Itanhandu,BR,81.7,broken clouds,-22.2958,-44.9347,Hotel casar√£o
1825,Palora,EC,73.38,light rain,-1.7,-77.9333,Rancho grande
1829,Parana,AR,86.58,broken clouds,-31.732,-60.5238,Howard Johnson by Wyndham Plaza Hotel Mayorazgo
1832,Srivardhan,IN,75.06,clear sky,18.0333,73.0167,Savli Resort/Hotel - Shrivardhan
1833,Manjacaze,MZ,82.49,clear sky,-24.7117,33.8828,Hotel Gani
1836,Prado,BR,77.32,clear sky,-17.3411,-39.2208,INN CORNER RIVER - PRADO - BAHIA - HOUSING AND HOTEL
1837,Goianesia,BR,81.63,broken clouds,-15.3175,-49.1175,Kamur Plaza Hotel - Goian√©sia
1838,Sabalgarh,IN,64.27,clear sky,26.25,77.4,Kailadevi studio
1840,Tefe,BR,91.51,scattered clouds,-3.3542,-64.7114,Aracati Hotel
1842,Houma,US,78.8,scattered clouds,29.5958,-90.7195,Courtyard by Marriott Houma
1846,Kourou,GF,77.05,light rain,5.1552,-52.6478,Lodge TAKINI4 Guesthouse KOUROU FGU
1848,Itapuranga,BR,82.15,overcast clouds,-15.5622,-49.9486,Terra√ßo Hotel
1849,Talen,IN,68.92,overcast clouds,23.5667,76.7167,‡§π‡•ã‡§ü‡§≤ ‡§Ü‡§®‡§Ç‡§¶ ‡§™‡•à‡§≤‡•á‡§∏
1852,Catamarca,AR,79.77,overcast clouds,-28.4696,-65.7852,Amerian Catamarca Park Hotel
1854,Gopalur,IN,73.35,few clouds,16.6167,77.8,Dhaba- Motel
1855,Shagamu,NG,83.98,broken clouds,6.8432,3.6478,Remo Majestic Hotel
1857,Bahia Honda,CU,80.69,clear sky,22.9036,-83.1592,Casa Gualberto - Deysi
1858,New Port Richey,US,77.29,overcast clouds,28.2442,-82.7193,Quality Inn & Suites Conference Center
1860,Giyani,ZA,81.54,clear sky,-23.3025,30.7187,Kulani Country Lodge
1865,Pitmoaga,BF,82.02,clear sky,12.2397,-1.8767,
1867,Mafinga,TZ,76.41,overcast clouds,-7.25,35.0667,
1870,El Tigre,VE,91.31,broken clouds,8.8875,-64.2454,Hotel Santa Cruz
1875,Guiberoua,CI,80.49,broken clouds,6.2392,-6.1727,HOTEL LAGOTCH√â
1876,Alice Town,BS,75.07,overcast clouds,25.7167,-79.3,Bimini Big Game Club Resort & Marina
1877,Sitrah,BH,68.0,clear sky,26.1547,50.6206,Al Bander Resort
1879,Mahenge,TZ,65.44,overcast clouds,-8.6833,36.7167,Mkondosii Guest House
1880,Elizabethton,US,71.2,overcast clouds,36.3487,-82.2107,East Tennessee RV Park
1882,Chibombo,ZM,76.57,clear sky,-14.6569,28.0706,Chibombo District Council Guest House
1884,Santarem,BR,82.53,thunderstorm,-2.4431,-54.7083,Ecotur Lodge
1885,Mathathane,BW,85.64,overcast clouds,-22.2687,28.7495,Selepswe Resort
1888,Port Shepstone,ZA,70.16,light rain,-30.7414,30.455,My Den Beachfront Bed and Breakfast | Self-Catering
1889,Khairagarh,IN,64.94,clear sky,26.95,77.8167,Saleem Bhai Fruit Co.
1891,Wagar,SD,79.32,clear sky,16.1525,36.2032,
1892,Amreli,IN,73.4,clear sky,21.6167,71.2333,Sanskar Hostel & PG Center
1893,Zaraza,VE,92.75,overcast clouds,9.3503,-65.3245,Hotel Zaraza
1897,Tamasane,BW,79.52,overcast clouds,-22.4184,27.4013,
1900,Ipatinga,BR,79.72,broken clouds,-19.4683,-42.5367,Panorama Tower Hotel
1902,Khipro,PK,66.92,clear sky,25.8285,69.3772,Mukesh Bhojraj Khatri Graphix Khipro
1903,Sibiti,CG,69.8,overcast clouds,-3.6819,13.3499,"LE PAPYRUS (h√¥tel, bar et restaurant)"
1905,Banyo,CM,78.76,overcast clouds,6.75,11.8167,Motel JOMBA
1907,Farafangana,MG,77.4,few clouds,-22.8167,47.8333,Miarina
1911,Montecristo,CO,88.21,overcast clouds,8.2971,-74.4733,Casa Hotel Do√±a Mery
1913,Dorado,PR,85.75,broken clouds,18.4588,-66.2677,Embassy Suites by Hilton Dorado del Mar Beach Resort
1914,San Luis,AR,64.15,overcast clouds,-33.295,-66.3356,Huarpes Hotel
1916,Pietersburg,ZA,68.85,clear sky,-23.9045,29.4688,Bed and Breakfast @ Reggies B&B
1918,Quepos,CR,94.53,broken clouds,9.4236,-84.1652,Jungle Beach Hotel at Manuel Antonio
1921,Mpongwe,ZM,72.97,scattered clouds,-13.5091,28.155,GCMF Office & Lodge
1922,Divinopolis,BR,79.3,few clouds,-20.1389,-44.8839,Hotel F√°tima
1923,Russas,BR,82.9,broken clouds,-4.9403,-37.9758,Veredas do Vale Hotel
1926,Humberto De Campos,BR,82.47,overcast clouds,-2.5983,-43.4611,Pousada do Cabe√ßa
1929,Cravo Norte,CO,91.22,overcast clouds,6.3017,-70.2041,Hotel Potos√≠ Los Mirtos
1930,Piro,IN,67.51,overcast clouds,25.3333,84.4167,Maa Vaishnavi Digital dharmkanta
1931,Nsunga,TZ,64.54,overcast clouds,-1.1439,31.3947,
1933,Ortega,CO,90.34,overcast clouds,3.9361,-75.2217,Hotel Gilmart
1936,Saint Andrews,US,72.75,broken clouds,34.0454,-81.1293,Baymont by Wyndham Columbia Northwest
1941,Lakheri,IN,65.03,clear sky,25.6667,76.1667,‡§™‡•ç‡§∞‡§π‡§≤‡§æ‡§¶ ‡§ú‡•Ä ‡§∏‡•à‡§®‡•Ä
1942,Jacksonville,US,76.08,clear sky,30.3322,-81.6556,Hyatt Regency Jacksonville Riverfront
1946,Sancti Spiritus,CU,82.24,clear sky,21.9297,-79.4425,Hostal El Parque
1948,Grand-Santi,GF,80.15,overcast clouds,4.25,-54.3833,Hotel La Villa Couacou
1949,Krishnarajpet,IN,67.77,overcast clouds,12.655,76.4883,Pruthvi Comforts
1950,La Palma,US,69.48,haze,33.8464,-118.0467,La Quinta Inn & Suites by Wyndham Buena Park
1951,Madaoua,NE,78.04,overcast clouds,14.073,5.96,
1952,Pandharpur,IN,75.49,overcast clouds,17.6667,75.3333,Pandharinath Lodge and Restaurant
1954,Caconda,AO,64.98,light rain,-13.7333,15.0667,
1956,Lucea,JM,85.86,broken clouds,18.451,-78.1736,Grand Palladium Jamaica Resort & Spa
1961,Beni,CD,64.42,light rain,0.5,29.4667,Albertine hotel
1962,Sao Raimundo Das Mangabeiras,BR,74.26,light rain,-7.0219,-45.4811,Hotel Tropical
1964,Cunha,BR,81.34,scattered clouds,-23.0744,-44.9597,Pousada Calu
1965,Nauta,PE,83.98,moderate rain,-4.5061,-73.5757,Amazon Exploring Expedition - Eretzen T√° Lodge
1969,Kosamba,IN,73.11,clear sky,21.4833,72.95,Ajay nanjibhai chavda
1970,Ovalle,CL,88.2,clear sky,-30.5983,-71.2003,Hotel Altos de Tuqui
1971,Igbo Ora,NG,85.64,overcast clouds,7.4333,3.2833,Pinkbell Inn
1974,Pitangui,BR,77.72,broken clouds,-19.6828,-44.8903,Pousada Monsenhor Vicente
1979,Barra Do Garcas,BR,88.38,light rain,-15.89,-52.2567,Hotel Pousada Tropical
1980,Manor,IN,73.54,clear sky,19.75,72.9167,Vegas Hotel And Lodging.
1981,Latur,IN,67.66,clear sky,18.4,76.5833,Hotel Radhika Latur
1983,Maiduguri,NG,77.77,overcast clouds,11.8464,13.1603,Kagel Mari Police Station
1984,Doctor Juan Manuel Frutos,PY,94.93,clear sky,-25.3667,-55.8,Balneario Las Burbujas
1986,Doha,QA,67.98,clear sky,25.2867,51.5333,Movenpick Hotel Doha
1988,Ocara,BR,88.0,few clouds,-4.4908,-38.5967,Pousada familiar
1990,Totness,SR,82.83,overcast clouds,5.8833,-56.3167,STAATS LOGEERGEBOUW TOTNESS
1993,Hadejia,NG,78.49,few clouds,12.4498,10.0444,Kasuwar Kuda Hadejia General Hospital Road
1994,Beyla,GN,80.53,broken clouds,8.6833,-8.6333,DIAN SINKO
1995,Arica,CL,78.35,clear sky,-18.475,-70.3042,Hostal Jardin Del Sol
1996,Mossoro,BR,87.75,scattered clouds,-5.1875,-37.3442,ibis Mossoro
1998,Dromolaxia,CY,64.27,clear sky,34.8761,33.586,Sea N Lake View Hotel Apartments
2000,Bhadrachalam,IN,69.4,overcast clouds,17.6667,80.8833,Hotel Srinidhi Residency
2001,Wamba,NG,80.96,overcast clouds,8.9333,8.6,Roma Zee Guest House Annex
2002,Rome,US,71.62,clear sky,34.257,-85.1647,La Quinta Inn & Suites by Wyndham Rome
2003,Nirmali,IN,69.04,scattered clouds,26.3167,86.5833,Baidyanath Sharma Lodge
2012,Santa Cruz Cabralia,BR,79.03,scattered clouds,-16.2781,-39.0247,Puerto Princesa Inn
2013,Shurugwi,ZW,78.12,broken clouds,-19.6702,30.0059,Flame Lily Lodge
2016,Vitoria Da Conquista,BR,71.46,scattered clouds,-14.8661,-40.8394,Hotel Universo
2017,Youkounkoun,GN,87.4,overcast clouds,12.5333,-13.1333,
2019,San Ramon De La Nueva Oran,AR,78.42,overcast clouds,-23.1322,-64.326,Hotel Residencial Centro
2020,Huanuco,PE,76.51,light rain,-9.9329,-76.2415,Sweet Dreams
2021,Bhigvan,IN,72.03,clear sky,18.3167,74.7667,Hotel Sagar
2022,Inyonga,TZ,74.25,overcast clouds,-6.7167,32.0667,Eden Rock Lodge
2023,Mayor Pablo Lagerenza,PY,93.85,light rain,-19.9309,-60.7718,
2024,Turiacu,BR,83.61,broken clouds,-1.6633,-45.3717,Pousada Maranata
2026,Limoeiro Do Ajuru,BR,83.93,overcast clouds,-1.8953,-49.3806,Hotel Dalva
